id,session_date,duration_min,power,ftp_valid,tss_before,tss_recomputed,diff,if_before,if_recomputed
389,2022-07-08,78,248,250,128,128,0,0.992,0.992
388,2022-07-10,65,182,250,57,57,0,0.728,0.728
387,2022-07-22,149,240,250,229,229,0,0.960,0.960
386,2022-07-26,89,258,250,158,158,0,1.032,1.032
385,2022-07-28,155,220,250,200,200,0,0.880,0.880
383,2022-07-31,121,117,250,44,44,0,0.468,0.468
384,2022-07-31,58,290,250,130,130,0,1.160,1.160
382,2022-08-02,74,290,250,166,166,0,1.160,1.160
381,2022-08-04,166,295,250,385,385,0,1.180,1.180
380,2022-08-07,162,196,250,166,166,0,0.784,0.784
378,2022-08-09,163,238,250,246,246,0,0.952,0.952
377,2022-09-12,89,235,250,131,131,0,0.940,0.940
375,2022-09-13,37,252,250,63,63,0,1.008,1.008
376,2022-09-13,37,247,250,60,60,0,0.988,0.988
374,2022-09-16,154,231,250,219,219,0,0.924,0.924
372,2022-09-21,131,271,250,257,257,0,1.084,1.084
371,2022-09-25,160,227,250,220,220,0,0.908,0.908
370,2022-10-12,60,227,250,82,82,0,0.908,0.908
369,2022-10-15,132,201,250,142,142,0,0.804,0.804
368,2022-10-22,83,199,250,88,88,0,0.796,0.796
367,2022-10-23,165,242,250,258,258,0,0.968,0.968
366,2022-10-26,157,232,250,225,225,0,0.928,0.928
365,2022-10-30,144,256,250,252,252,0,1.024,1.024
364,2022-11-02,146,281,250,307,307,0,1.124,1.124
363,2022-11-05,194,268,250,372,372,0,1.072,1.072
362,2022-11-18,42,227,250,58,58,0,0.908,0.908
361,2022-11-23,89,262,250,163,163,0,1.048,1.048
360,2022-12-02,99,273,250,197,197,0,1.092,1.092
358,2022-12-26,98,260,250,177,177,0,1.040,1.040
359,2022-12-26,9,210,250,11,11,0,0.840,0.840
357,2022-12-29,96,285,250,208,208,0,1.140,1.140
356,2022-12-30,163,266,250,308,308,0,1.064,1.064
355,2023-01-01,81,244,250,129,129,0,0.976,0.976
354,2023-01-03,61,256,250,107,107,0,1.024,1.024
352,2023-01-11,57,273,250,113,113,0,1.092,1.092
351,2023-01-15,201,220,250,259,259,0,0.880,0.880
350,2023-01-18,63,281,250,133,133,0,1.124,1.124
349,2023-01-19,71,245,250,114,114,0,0.980,0.980
348,2023-01-20,97,192,250,95,95,0,0.768,0.768
347,2023-01-22,89,212,250,107,107,0,0.848,0.848
346,2023-01-24,79,204,250,88,88,0,0.816,0.816
345,2023-01-25,63,186,250,58,58,0,0.744,0.744
343,2023-01-28,158,202,250,172,172,0,0.808,0.808
342,2023-01-31,105,203,250,115,115,0,0.812,0.812
341,2023-02-04,152,247,250,247,247,0,0.988,0.988
340,2023-02-06,64,176,250,53,53,0,0.704,0.704
339,2023-02-07,94,219,250,120,120,0,0.876,0.876
338,2023-02-10,87,218,250,110,110,0,0.872,0.872
337,2023-02-12,202,199,250,213,213,0,0.796,0.796
336,2023-02-15,65,247,250,106,106,0,0.988,0.988
335,2023-02-20,55,208,250,63,63,0,0.832,0.832
334,2023-03-03,41,185,250,37,37,0,0.740,0.740
333,2023-03-04,89,234,250,130,130,0,0.936,0.936
332,2023-03-21,55,187,250,51,51,0,0.748,0.748
331,2023-03-22,63,277,250,129,129,0,1.108,1.108
330,2023-04-09,78,185,250,71,71,0,0.740,0.740
328,2023-04-10,159,182,250,140,140,0,0.728,0.728
329,2023-04-10,118,273,250,235,235,0,1.092,1.092
327,2023-04-17,53,184,250,48,48,0,0.736,0.736
326,2023-04-18,81,173,250,65,65,0,0.692,0.692
322,2023-06-08,51,249,250,84,84,0,0.996,0.996
321,2023-06-10,97,177,250,81,81,0,0.708,0.708
320,2023-06-15,81,170,250,62,62,0,0.680,0.680
319,2023-07-16,66,171,250,51,51,0,0.684,0.684
318,2023-07-18,72,295,250,167,167,0,1.180,1.180
317,2023-07-19,67,330,250,195,195,0,1.320,1.320
316,2023-07-20,67,336,250,202,202,0,1.344,1.344
315,2023-08-02,51,292,250,116,116,0,1.168,1.168
314,2023-08-03,69,246,250,111,111,0,0.984,0.984
313,2023-08-05,52,269,250,100,100,0,1.076,1.076
312,2023-08-06,62,289,250,138,138,0,1.156,1.156
311,2023-08-07,48,300,250,115,115,0,1.200,1.200
310,2023-08-20,60,295,250,139,139,0,1.180,1.180
307,2023-08-24,97,183,250,87,87,0,0.732,0.732
305,2023-08-27,75,181,250,66,66,0,0.724,0.724
304,2023-08-29,96,195,250,97,97,0,0.780,0.780
303,2023-08-31,92,208,250,106,106,0,0.832,0.832
301,2023-09-03,136,195,250,138,138,0,0.780,0.780
300,2023-09-05,72,165,250,52,52,0,0.660,0.660
299,2023-09-09,72,200,250,77,77,0,0.800,0.800
297,2023-09-12,70,212,250,84,84,0,0.848,0.848
295,2023-09-13,92,210,250,108,108,0,0.840,0.840
294,2023-09-16,149,187,250,139,139,0,0.748,0.748
293,2023-09-18,88,200,250,94,94,0,0.800,0.800
291,2023-09-24,91,165,250,66,66,0,0.660,0.660
292,2023-09-24,48,169,250,37,37,0,0.676,0.676
290,2023-09-26,55,175,250,45,45,0,0.700,0.700
289,2023-09-27,91,214,250,111,111,0,0.856,0.856
288,2023-10-02,105,215,250,129,129,0,0.860,0.860
286,2023-10-04,217,196,250,222,222,0,0.784,0.784
287,2023-10-04,280,188,250,264,264,0,0.752,0.752
284,2023-10-07,81,217,250,102,102,0,0.868,0.868
285,2023-10-07,86,218,250,109,109,0,0.872,0.872
283,2023-10-22,122,303,250,299,299,0,1.212,1.212
282,2023-10-24,130,338,250,396,396,0,1.352,1.352
281,2023-11-05,3,322,250,8,8,0,1.288,1.288
280,2024-02-24,51,156,250,33,33,0,0.624,0.624
279,2024-08-04,90,259,250,161,161,0,1.036,1.036
277,2024-08-06,85,298,250,201,201,0,1.192,1.192
276,2024-08-08,141,293,250,323,323,0,1.172,1.172
275,2024-08-11,120,298,250,284,284,0,1.192,1.192
273,2024-11-15,60,255,250,104,104,0,1.020,1.020
272,2024-12-30,15,195,250,15,15,0,0.780,0.780
271,2025-04-20,49,226,250,67,67,0,0.904,0.904
270,2025-04-21,70,272,250,138,138,0,1.088,1.088
269,2025-04-26,86,290,250,193,193,0,1.160,1.160
268,2025-04-27,83,298,250,197,197,0,1.192,1.192
267,2025-04-28,85,297,250,200,200,0,1.188,1.188
266,2025-05-01,83,300,250,199,199,0,1.200,1.200
265,2025-05-05,95,293,250,217,217,0,1.172,1.172
264,2025-05-07,84,307,250,211,211,0,1.228,1.228
263,2025-05-08,83,298,250,197,197,0,1.192,1.192
262,2025-05-09,66,319,250,179,179,0,1.276,1.276
261,2025-05-11,136,260,250,245,245,0,1.040,1.040
259,2025-05-12,91,246,250,147,147,0,0.984,0.984
258,2025-05-14,97,259,250,174,174,0,1.036,1.036
256,2025-05-17,79,295,250,183,183,0,1.180,1.180
255,2025-05-20,86,336,250,259,259,0,1.344,1.344
254,2025-05-30,73,307,250,183,183,0,1.228,1.228
253,2025-06-01,96,340,250,296,296,0,1.360,1.360
252,2025-06-06,100,181,250,87,87,0,0.724,0.724
251,2025-06-09,110,322,250,304,304,0,1.288,1.288
250,2025-06-12,102,306,250,255,255,0,1.224,1.224
249,2025-06-16,72,345,250,229,229,0,1.380,1.380
248,2025-06-18,73,196,250,75,75,0,0.784,0.784
247,2025-06-25,91,185,250,83,83,0,0.740,0.740
246,2025-07-11,81,314,250,213,213,0,1.256,1.256
245,2025-07-27,73,313,250,191,191,0,1.252,1.252
244,2025-08-05,118,314,250,310,310,0,1.256,1.256
243,2025-08-06,156,284,250,336,336,0,1.136,1.136
242,2025-08-19,87,295,250,202,202,0,1.180,1.180
241,2025-08-20,86,306,250,215,215,0,1.224,1.224
240,2025-08-21,81,293,250,185,185,0,1.172,1.172
239,2025-08-23,81,314,250,213,213,0,1.256,1.256
238,2025-08-26,80,328,250,230,230,0,1.312,1.312
237,2025-08-29,74,323,250,206,206,0,1.292,1.292
235,2025-09-02,73,305,250,181,181,0,1.220,1.220
234,2025-09-05,75,325,250,211,211,0,1.300,1.300
232,2025-09-10,72,319,250,195,195,0,1.276,1.276
231,2025-09-14,38,352,250,126,126,0,1.408,1.408
230,2025-09-17,37,365,250,131,131,0,1.460,1.460
229,2025-09-19,77,302,250,187,187,0,1.208,1.208
228,2025-09-23,36,381,250,139,139,0,1.524,1.524
227,2025-09-25,73,190,250,70,70,0,0.760,0.760
226,2025-09-26,73,197,250,76,76,0,0.788,0.788
225,2025-09-28,35,388,250,141,141,0,1.552,1.552
223,2025-10-01,49,188,250,46,46,0,0.752,0.752
224,2025-10-01,46,184,250,42,42,0,0.736,0.736
222,2025-10-05,35,388,250,141,141,0,1.552,1.552
220,2025-10-15,78,193,250,77,77,0,0.772,0.772
221,2025-10-15,75,191,250,73,73,0,0.764,0.764
217,2025-10-20,94,189,250,90,90,0,0.756,0.756
218,2025-10-20,103,188,250,97,97,0,0.752,0.752
216,2025-10-26,39,360,250,135,135,0,1.440,1.440
215,2025-11-16,35,289,250,78,78,0,1.156,1.156
214,2025-11-20,29,338,250,88,88,0,1.352,1.352
213,2025-11-23,41,346,250,131,131,0,1.384,1.384
211,2026-01-03,76,324,250,213,213,0,1.296,1.296
212,2026-01-03,105,173,250,84,84,0,0.692,0.692
210,2026-04-06,75,177,250,63,63,0,0.708,0.708
209,2026-04-09,71,167,250,53,53,0,0.668,0.668
208,2026-04-17,65,327,250,185,185,0,1.308,1.308
207,2026-04-23,90,289,250,200,200,0,1.156,1.156
206,2026-05-10,81,307,250,204,204,0,1.228,1.228
205,2026-05-25,75,331,250,219,219,0,1.324,1.324
203,2026-05-28,64,304,250,158,158,0,1.216,1.216
201,2026-06-20,129,296,250,301,301,0,1.184,1.184
