finding_id,module,screen,classification,severity,viewport,trigger,expected_behavior,actual_behavior,root_cause,action_taken,test_result,evidence,status
F01,Kalender,/kalender,FUNCTIONEEL_DEFECT,middel,alle,app openen tussen 00:00–02:00 NL-tijd,"vandaag" is de lokale NL-dag,toISOString gaf de UTC-dag → items van vandaag verdwenen/verschenen verkeerd (2 plekken),UTC-datumval,vervangen door gedeelde localISODate(),kalender rendert; typecheck+prod-build groen,src/pages/kalender.tsx r83+r243,FIXED
F02,Plan,planvenster-hook,FUNCTIONEEL_DEFECT,middel,alle,idem 's nachts,planvenster begint op de lokale dag,dateStr gebruikte UTC-dag → venster schoof 's nachts een dag,UTC-datumval,dateStr → localISODate(),test:core-plan/core-plan-page/plan-window consumenten groen,src/hooks/use-training-plan.ts r17,FIXED
F03,Shell/Sportpaspoort,/paspoort,FUNCTIONEEL_DEFECT,laag,alle,idem,wedstrijdverleden gefilterd op lokale dag,UTC-dag,UTC-datumval,localISODate(),typecheck groen,src/pages/paspoort.tsx r74,FIXED
F04,Shell/Club,/club,FUNCTIONEEL_DEFECT,laag,alle,idem,aankomende wedstrijden op lokale dag,UTC-dag,UTC-datumval,localISODate(),typecheck groen,src/pages/club.tsx r409,FIXED
F05,Shell/Profiel,instellingen,FUNCTIONEEL_DEFECT,laag,alle,geboortedatum-invoer 's nachts,max-datum = lokale vandaag,UTC-dag,UTC-datumval,localISODate(),typecheck groen,profile-settings.tsx r1097,FIXED
F06,Shell/navigatie,Meer-menu,FUNCTIONEEL_DEFECT,middel,alle,Meer openen als sporter,/samen bereikbaar vanuit Meer (navigatiecontract),/samen ontbrak in ATHLETE_MEER_CHAPTERS → Samen onbereikbaar via Meer op de 5-tab-shell,regressie bij eerdere menu-opschoning,/samen-hoofdstuk teruggezet,test:navigation weer groen (was rood),src/lib/chapters.ts,FIXED
F07,Routes,testinfra routes-tabs,FUNCTIONEEL_DEFECT,laag,n.v.t.,test:routes-tabs draaien,test dekt volledig import-oppervlak,nieuwe RouteLibrarySection-import trok leaflet.css de node-test in (ERR_UNKNOWN_FILE_EXTENSION),mock ontbrak voor nieuw import-oppervlak,mock toegevoegd in routes-tabs.test.tsx,test:routes-tabs weer groen (was rood),src/pages/routes-tabs.test.tsx,FIXED
F08,Shell,DS-navigatieprimitief,VERVALLEN_OF_DUBBEL,laag,n.v.t.,code-inspectie,één navigatiebron,DS_NAV_STANDAARD (default in DS-primitief) wijkt af van commerciële nav; wordt nergens zonder expliciete items gebruikt (alleen DS-tests),historische default,geen actie (alleen test-/dev-oppervlak),design-system-test groen,components/ds/mobile-nav.tsx r30,GEEN_ACTIE
F09,Analyse,/lab radar,WERKT_EN_BEWEZEN,-,alle,verkennersvermoeden "parallelle berekening",één gedeelde berekening,lab.tsx importeert computePerformanceRadar uit gedeelde lib/performance-radar.ts (geen duplicaat); localTodayIso gebruikt al lokale getters,-,geen,test:performance-radar groen,lab.tsx r130+r148,GEEN_DEFECT
F10,Routes,route-explorer kaart,WERKT_EN_BEWEZEN,-,alle,selectie vóór het tekenen van lagen,geen crash,bringToFront via optional chaining + fitBounds vooraf; invalidateSize met mapRef-guard,-,geen,code-inspectie,route-explorer.tsx r237-244,GEEN_DEFECT
F11,Navigatie,kaartmarkers web,WERKT_EN_BEWEZEN,-,alle,divIcon-HTML (XSS-sink),alleen interne/geëscapete data in html,POI-emoji uit constantenmap + interne SVG; route-map escapet labels,-,geen,code-inspectie,route-navigator.tsx r1019+r1836,GEEN_DEFECT
F12,Routes,hoogteprofiel,WERKT_EN_BEWEZEN,-,alle,lege hoogtereeks,geen -Infinity-render,alle vier de render-varianten guarden op length vóór toPoints,-,geen,code-inspectie,elevation-profile.tsx r65+r117+r182+r400,GEEN_DEFECT
F13,Navigatie mobiel,rit-HUD,WERKT_MAAR_NIET_VOLDOENDE_GETEST,laag,mobiel,locatiepermissie valt weg tijdens rit,nav-engine pauzeert of meldt duidelijk,locError toont melding op de kaart; engine blijft op laatste positie staan (geen vers GPS-signaal = bevroren positie — eerlijk maar niet expliciet getest),ontwerpkeuze,geen fix (gedragswijziging = buiten scope WP-A05); genoteerd,test:ride-tracker groen,navigate/[id].tsx r664+r1065,BUITEN_SCOPE
F14,Routes,GPX-exportnaam,VERBETERIDEE_BUITEN_SCOPE,cosmetisch,alle,export 's nachts,bestandsnaam met lokale datum,UTC-datum in bestandsnaam (alleen naam; inhoud correct),UTC-datumval cosmetisch,geen actie,-,route-navigator.tsx r2442+r2551,BUITEN_SCOPE
F15,Vandaag,aandachtswet,WERKT_EN_BEWEZEN,-,alle,meerdere kandidaten voor het Momentblok,één leidend blok; ride-alongs gegate bij render,selectMoment-prioriteitsketen + weatherAllowed/leskaartAllowed-gates + nudge-budget (max 1),-,geen,test:aandachtswet + test:commercial-today groen,lib/aandachtswet.ts,GEEN_DEFECT
F16,Plan+Analyse,lege/fout-toestanden,WERKT_EN_BEWEZEN,-,alle,geen data / API-fout,eerlijke lege toestand; geen advies bij onbekend,DsState-varianten in core-plan; analyse-dashboard geeft null bij onvoldoende data → LegeGrafiek; FTP-kaart toont eerlijk "—",-,geen,screenshots + test:core-plan-page groen,core-plan.tsx r339-352; core-analyse.tsx r201,GEEN_DEFECT
F17,Shell,menu/modals z-index,WERKT_EN_BEWEZEN,-,alle,menu + overlay tegelijk,menu boven bottom-nav,bewuste lagenafspraak: overlays portalen naar body op z-[70]+/z-[80] boven nav z-50,-,geen,bestaande modal-lagen-doctrine + visuele ronde,main-menu/chat-overlay,GEEN_DEFECT
F18,alle kernmodules,viewportronde,WERKT_EN_BEWEZEN,-,320×568/375×667/390×844/430×932/768×1024/1440×900,visuele ronde Vandaag/Plan/Analyse/Routes/Kalender,geen overlap of afgekapte bediening,bottom-nav vast en vrij van inhoud; kaarten passen; witte Analyse-stijl en donkere shell correct; geen overlappende knoppen,-,geen,screenshots (o.a. sparki_1imm/​_kalender_ytmc/​_train_ZbBG/​_analyse_mUnW/​_routes_LCXy),GEEN_DEFECT
