finding_id,location,screen_or_api,data_type,classification,trigger,personal_data_risk,user_impact,action_taken,test_result,evidence,status
F01,artifacts/sparki/src/components/sparki/onboarding-gap-fill.tsx (fetch-catch),Onboarding gap-fill,profielgaten (gewicht/FTP/doelen),FOUTAFHANDELING_ONVOLDOENDE,API-fout op /api/onboarding/missing-data,ja,gebruiker werd stil als "compleet" gemarkeerd; plan op geschatte defaults zonder uitleg,hersteld: eerlijke foutstaat met "Opnieuw proberen" + expliciete keuze "Toch doorgaan met schattingen",web tsc+build groen,code-diff,HERSTELD
F02,artifacts/sparki-mobile/lib/volgauto-api.ts postVolgautoPosition + navigate/[id].tsx + VolgautoDriverMode.tsx,Volgauto positie-delen,live locatie,FOUTAFHANDELING_ONVOLDOENDE,netwerkfout bij POST positie,ja,afzender dacht dat de ander hem live zag terwijl updates stil stopten,hersteld: retourwaarde ok/niet-ok + na 2 opeenvolgende missers eerlijke HUD-melding bij renner én volgauto,mobiel tsc + ride-tracker-test groen,code-diff,HERSTELD
F03,artifacts/sparki-mobile/lib/ble-sensors.ts + hooks/useLiveSensors.ts + components/LiveSensorsPanel.tsx,BLE-sensoren tijdens rit,hartslag/vermogen/cadans,CROSS_USER_RISICO,voorkeurssensor niet gevonden binnen graceperiode → eerste passende sensor verbonden,ja (bv. hartslag van buurman in groep),paneel toonde wel de echte apparaatnaam maar niet dat dit een ANDERE sensor was dan de gekoppelde,hersteld: usedFallback-vlag + expliciete melding "let op: andere sensor dan je gekoppelde",mobiel tsc groen,code-diff,HERSTELD
F04,artifacts/sparki-mobile/lib/live-share-api.ts postLivePosition,Live locatie delen (vrienden),live locatie,GEEN_PROBLEEM,netwerkfout,ja,verzendlus pauzeert eerlijk (retourneert al boolean); leeskant her-controleert autorisatie,geen,bestaande code,bestaand gedrag,OK
F05,artifacts/sparki/src/lib/dev.ts + App.tsx + dev-preview.tsx,DevPreview/dev-bypass,seed-preview-atleten,EXPLICIETE_DEMO,import.meta.env.DEV (compile-time),nee,niet aanwezig in productiebundle (tree-shaken; eerder bewezen via bundle-grep),geen,eerder bundle-grep-bewijs,sparki-publish-check werkwijze,OK
F06,artifacts/sparki/src/pages/races.tsx + race-wizard.tsx (?step=N),Race-wizard demomodus,voorbeeldwedstrijd,EXPLICIETE_DEMO,querystring in dev-build,nee,alleen dev,geen,n.v.t.,import.meta.env.DEV-gate,OK
F07,artifacts/api-server/src/lib/auth.ts dev-auth-bypass,alle API's,identiteit,GEEN_PROBLEEM,NODE_ENV!=production ÉN DEV_AUTH_BYPASS=true (fail-closed),nee,geen prod-impact,geen,bestaande tests,dubbele grendel,OK
F08,artifacts/api-server/src/lib/training-plan.ts (AI-fallback),plangeneratie,trainingstitels/-omschrijvingen,VEILIGE_UI_PLACEHOLDER,AI-gateway onbereikbaar/ongeldige JSON,nee,generieke deterministische templates; cijfers nooit gefabriceerd (checkCompleteness faalt eerlijk),geen,bestaande tests,code-inspectie,OK
F09,artifacts/api-server/src/lib/world-seed.ts + world/*,Sparki World,fictieve renners,EXPLICIETE_DEMO,seed bij lege virtual_*-tabellen,nee,strikt gescheiden virtual_*-tabellen; UI toont als fictieve World,geen,n.v.t.,harde muur naar echte data (ontwerp),OK
F10,artifacts/api-server/src/lib/derived-load.ts,belastingscore TSS/IF,vermogen/FTP,EERLIJKE_LEGE_TOESTAND_BESTAAT,NP ontbreekt → gem. vermogen; FTP ontbreekt → null,nee,sportwetenschappelijk correcte afleiding; nooit verzonnen FTP,geen,bestaande tests,code-inspectie,OK
F11,artifacts/api-server/src/lib/connectors/missing-data.ts,onboarding-API,ontbrekende velden,EERLIJKE_LEGE_TOESTAND_BESTAAT,data ontbreekt na import,nee,geeft lijst "missing" i.p.v. defaults te injecteren,geen,bestaande tests,code-inspectie,OK
F12,artifacts/api-server/src/routes/routes.ts (deterministische rationale),routegeneratie,route-uitleg,VEILIGE_UI_PLACEHOLDER,AI-uitleg (nog) niet beschikbaar,nee,deterministische feitelijke uitleg; cijfers uit echte routedata; async verrijking gedocumenteerd gedrag,geen,bestaande tests,code-inspectie,OK
F13,artifacts/api-server/src/routes/device-sync.ts + connectors.ts safeReturnUrl,OAuth-redirects,URL (geen persoonsdata),GEEN_PROBLEEM,ongeldige/vreemde returnTo,nee,fallback is een veilige app-root-URL (SSRF/open-redirect-bescherming); geen data,geen,bestaande tests,code-inspectie,OK
F14,artifacts/sparki/src/components/sparki/profile-settings.tsx placeholders,profielinstellingen,HTML-placeholders (280 W e.d.),VEILIGE_UI_PLACEHOLDER,leeg invoerveld,nee,grijze voorbeeldtekst in invoervelden; nooit als opgeslagen waarde getoond,geen,n.v.t.,standaard UI-patroon,OK
F15,artifacts/sparki/src/pages/paspoort.tsx + core-analyse.tsx,paspoort/analyse,CTL/ATL/TSB,EERLIJKE_LEGE_TOESTAND_BESTAAT,data ontbreekt,nee,rijen renderen alleen bij echte waarden; anders "Nog geen metingen beschikbaar",geen,screenshot /analyse (eerder deze sessie),code-inspectie,OK
F16,artifacts/sparki-mobile/lib/*.web.ts stubs,web-varianten mobiele app,sensor/GPS,GEEN_PROBLEEM,gebruik in browser,nee,eerlijk "niet ondersteund"; geen nepwaarden,geen,n.v.t.,code-inspectie,OK
F17,artifacts/sparki-mobile/app/(app)/ride/[id].tsx,ritdetail,kaart/duur,EERLIJKE_LEGE_TOESTAND_BESTAAT,geen GPS-track / trim zonder tijdstempels,nee,"Geen kaartdata…" en duur expliciet "geschat" gelabeld,geen,n.v.t.,code-inspectie,OK
F18,artifacts/api-server/src/lib/preview-athletes.ts + routes/dev.ts + scripts/seed-*,dev-preview-personas,seed-atleten,EXPLICIETE_DEMO,alleen dev-route /api/dev/*; seeds draaien niet in productie-runtime,nee,dev-tooling; clerkIds met seed_-prefix; niet in prod-authpaden,geen,grep: geen runtime-import van seed-scripts,code-inspectie,OK
