id;module;scherm;ernst;beschrijving;vermoedelijke_oorzaak;aanbevolen_oplossing;bestaande_code_hergebruiken;regressietest_nodig
"SPARKI-INS-001";"INSTELLINGEN";"Koppelingen (Strava)";"P1";"Strava koppelen faalt hard: OAuth-callback gooit 'SPARKI_TOKEN_KEY ontbreekt: gevoelige tokens kunnen niet veilig worden opgeslagen' (routes/connectors.ts:548 via lib/token-crypto.ts:42). Gezien in deployment-logs 2026-07-29.";"Omgevingsvariabele SPARKI_TOKEN_KEY is niet gezet in deze omgeving; tokenversleuteling faalt fail-closed.";"SPARKI_TOKEN_KEY zetten in dev én productie; bij ontbreken een eerlijke gebruikersmelding tonen i.p.v. generieke fout na de redirect.";"ja";"ja"
"SPARKI-PLA-001";"PLAN";"DayHome";"P1";"Mogelijkheid tot 'blank crash' bij ongeregistreerd DayType (day-home.tsx:492)";"Hoewel er een fallback naar GeneralDayHome is, kan een onverwacht DayType in de registry leiden tot fouten in briefing-resolutie.";"Maak de registry-lookup type-safe en voeg een globale ErrorBoundary toe rond de Component render.";"nee";"ja"
"SPARKI-RIJ-001";"RIJDEN";"Live Navigatie";"P1";"Locatieverlies tijdens rit pauzeert navigatie (reeds hersteld in Taak #404) maar hervatting niet geautomatiseerd getest";"Handmatige actie vereist na hervatting permissie";"Automatiseer hervattest (was Taak #405, nu gecancelled)";"nee";"ja"
"SPARKI-VAN-001";"VANDAAG";"Emergency";"P1";"Blokkerend: 'Ik ben weer hersteld' knop voert triggerPlanRefresh uit op server, maar frontend UI-state (DayType) hangt af van dashboard-invalidate die soms te vroeg vuurt. (artifacts/api-server/src/routes/athlete.ts:414)";"Race-condition tussen server-side plan herberekening en client-side cache invalidation.";"";"ja";"ja"
"SPARKI-ADM-001";"ADMIN";"ADMIN-OPS";"P2";"De 'ProvenanceSection' (artifacts/sparki/src/pages/admin.tsx:238) staat toe om elk willekeurig clerkId in te vullen om dataherkomst te controleren. Hoewel gegated door requireAdmin, is er geen audit-log van WELKE sporter wordt gecontroleerd, wat privacygevoelig is voor beheerders.";"Ontbrekende subjectClerkId in de writeAudit call voor de provenance route.";"Log de gecontroleerde clerkId in de audit-metadata van de GET /api/admin/data-provenance route.";"nee";"nee"
"SPARKI-ADM-002";"ADMIN";"admin.tsx:603";"P2";"Gegevens-opschoning 'Uitvoeren' knop is direct klikbaar na een droogdraai zonder expliciete extra waarschuwing dat dit onomkeerbaar is (behalve de native confirm).";"Native browser-confirm is makkelijk per ongeluk weg te klikken.";"Gebruik een UI-modal met expliciete checkbox ""Ik begrijp dat dit records wijzigt"".";"ja";"nee"
"SPARKI-ANA-001";"ANALYSE";"InsightsSection";"P2";"Lege 'Wat vandaag opvalt' sectie zonder actie bij geen data (insights-section.tsx:49)";"Toont alleen passieve tekst; biedt de gebruiker geen directe weg om data te genereren (bijv. 'Importeer rit').";"Voeg een knop toe naar de import-pagina of handmatige log-functie binnen de lege staat.";"ja";"nee"
"SPARKI-CLU-001";"CLUB";"CLUB-BEHEER";"P2";"Een club-owner kan de status van de club wijzigen naar 'beperkt', 'geschorst' of 'beëindigd' (artifacts/sparki/src/pages/club-beheer.tsx:133), maar de backend (artifacts/api-server/src/routes/club.ts) controleert deze status NIET consistent bij schrijfacties zoals het plannen van trainingen of het versturen van berichten.";"Schrijfacties valideren alleen lidmaatschap/rol, niet de globale club-status.";"Voeg een middleware of check toe aan club-schrijfroutes die valideert of club.status === 'actief'.";"ja";"ja"
"SPARKI-CLU-002";"CLUB";"club-beheer.tsx:558";"P2";"Uitschrijven van leden gebruikt window.confirm, wat op mobiel een storende browser-native popup geeft ipv een consistente UI-modal.";"Browser-native fallback voor kritieke actie.";"Vervang window.confirm door een UI-confirm-modal in Sparki-stijl.";"ja";"nee"
"SPARKI-CLU-003";"CLUB";"club-permissions.ts:311";"P2";"isMinorForClub faalt 'closed' (true) als het profiel ontbreekt, wat correct is voor privacy, maar geen audit-log genereert van deze toegangsweigering.";"Silent fail-closed.";"Log een waarschuwing/audit als een leeftijdscheck faalt door ontbrekende data.";"ja";"nee"
"SPARKI-CLU-004";"CLUB";"club.ts:183";"P2";"countActive telt alle leden; als een pakketlimiet wordt bereikt, kunnen ook 'alleen-lezen' rollen niet meer worden toegevoegd, wat operationeel belemmerend is.";"Generieke telling over alle rollen.";"Sluit niet-trainende/vrijwillige rollen uit van de pakketlimiet telling indien het pakket alleen op sporters/trainers doelt.";"ja";"nee"
"SPARKI-COA-001";"COACH";"COACH-COCKPIT";"P2";"Individuele cockpit en data-inzage zijn strikt fail-closed op hasDirectCoachLink (artifacts/api-server/src/routes/coach-cockpit.ts:70), waardoor club-trainers zonder directe link GEEN individuele signalen, trainingen of berichten kunnen zien, ondanks dat ze wel verantwoordelijk zijn voor de sporter in een teamcontext.";"Club-toegewezen trainers hebben geen 'full' sharing privilege in gateAthlete.";"Implementeer getTrainerRelation (artifacts/api-server/src/lib/sharing.ts:241) in gateAthlete om 'summary' toegang toe te staan voor club-trainers.";"ja";"ja"
"SPARKI-COA-002";"COACH";"coach-cockpit.tsx:702";"P2";"Privénotities tonen een generieke foutmelding (""niet beschikbaar"") bij isError, terwijl dit ook door een tijdelijke API-storing kan komen ipv een ontbrekende koppeling.";"Te specifieke aanname in de error-catch.";"Differentieer tussen 403 (geen koppeling) en 500 (storing) voor betere feedback.";"ja";"nee"
"SPARKI-COA-003";"COACH";"coach-cockpit.ts:288";"P2";"API forceert een verplichte notitie bij 'parkeren', terwijl dit in de UI vaak als een snelle 'later-doen' actie wordt gezien.";"Te strikte backend validatie voor een tijdelijke status.";"Maak de notitie optioneel voor de status 'parkeren'.";"ja";"nee"
"SPARKI-COA-004";"COACH";"coach-cockpit.ts:518";"P2";"Cross-coach isolatie staat bewerking toe door elke coach als coachClerkId NULL is (legacy); dit kan leiden tot data-overschrijving tussen concurrerende coaches.";"Te soepele legacy fallback.";"Wijs bij de eerste bewerking de huidige coachId toe aan legacy-rijen of kies de oudst gekoppelde coach.";"ja";"ja"
"SPARKI-INS-002";"INSTELLINGEN";"Privacy";"P2";"De `ParentShareRow` (links-section.tsx:94) past harde privacy-regels toe voor minderjarigen (onder 16), maar de `tier` (u16/adult) wordt uitsluitend uit de initiële `access` prop gelezen die niet reactief lijkt op wijzigingen in het profiel (geboortedatum) zonder een volledige refresh.";"Statische tier-check in een subcomponent.";"Zorg dat de `tier` wordt afgeleid van de meest recente profielgegevens in de hook.";"ja";"ja"
"SPARKI-INS-003";"INSTELLINGEN";"Privacy";"P2";"Privacy-lek: Deel-instellingen voor ouders/coaches en profielprivacy-grid zijn gescheiden; wijziging in de een werkt niet door in de ander. (artifacts/sparki/src/components/sparki/profile-privacy-grid.tsx:54)";"Tekstuele waarschuwing (line 54) dat keuzes apart gelden; kans op onbedoelde data-expositie bij complexe relaties.";"";"nee";"ja"
"SPARKI-LOG-001";"LOGIN";"Onboarding";"P2";"De `OnboardingV2` component (onboarding-v2.tsx:136) herstelt de state uit `sessionStorage`, maar als een gebruiker de onboarding verlaat en later terugkomt via een andere tab, kan hij in een inconsistente staat belanden omdat de database nog niet op 'complete' staat maar de `sessionStorage` leeg is.";"Afhankelijkheid van tab-specifieke `sessionStorage` voor een kritiek proces dat over meerdere paginaloads (OAuth) heen gaat.";"Gebruik een robuustere methode zoals `localStorage` of check de server-side onboarding state bij elke stap.";"ja";"ja"
"SPARKI-LOG-002";"LOGIN";"Onboarding";"P2";"In `api-server/src/routes/athlete.ts:200` wordt de lengte gevalideerd tussen 100 en 250 cm. Sporters buiten deze range (bijv. zeer jonge talenten of uitzonderlijk lange mensen) kunnen hun profiel niet opslaan zonder duidelijke foutmelding in de UI (het wordt stilzwijgend genegeerd en blijft `undefined`).";"Harde grenzen in de API zonder UI-terugkoppeling.";"Maak de grenzen ruimer of geef een specifieke validatiefout terug aan de frontend.";"ja";"ja"
"SPARKI-LOG-003";"LOGIN";"Onboarding";"P2";"Nieuwe gebruikers kunnen in een lus komen of de app niet in als provisioning (sync) faalt; 'AccountNotReady' blokkeert toegang tot de app zonder user_profile. (artifacts/sparki/src/App.tsx:212)";"AccountGate (line 250) weigert alle children als profile ontbreekt. Fail-closed principe toegepast.";"";"ja";"ja"
"SPARKI-PLA-002";"PLAN";"PlanWizard";"P2";"Gebruiker kan de wizard voltooien zonder trainingsdagen te selecteren als ze stap overslaan (plan-wizard.tsx:123)";"Valideert alleen bij expliciete klik op 'Volgende', maar 'volgende()' wordt ook indirect aangeroepen of stappen zijn toegankelijk.";"Voeg strikte validatie toe aan de 'bouwPlan' functie en deactiveer de primaire actieknop bij ontbrekende selectie.";"ja";"ja"
"SPARKI-PLA-003";"PLAN";"TrainingPlanPanel";"P2";"Geen foutmelding of alternatief als thuislocatie ontbreekt bij route-generatie (training-plan-panel.tsx:430)";"Slechts een passieve melding in de UI dat er geen route is; geen actieve 'stel nu in' knop in de context van de ontbrekende route.";"Vervang de passieve melding door een actieve knop naar de locatie-picker (hergebruik HomeLocationField).";"ja";"ja"
"SPARKI-PLA-004";"PLAN";"AddTraining";"P2";"Geen validatie op toekomstige datum bij 'Training inplannen' (add-training.tsx:341)";"Gebruiker kan technisch een training in de toekomst plannen die eigenlijk in het verleden ligt als de datum-picker niet goed wordt gebruikt.";"Forceer de min-datum op de HTML-input en voeg een validatie-check toe voor submit.";"ja";"ja"
"SPARKI-PLA-005";"PLAN";"GeneralDayHome";"P2";"Onboarding-flow voor nieuwe sporters mist diepe integratie (general-day-home.tsx:70)";"De onboarding-stappen zijn simpele navigatie-knoppen zonder visuele voortgangsindicatie.";"Vervang de lijst door een voortgangsbalk of checklist die afvinkt bij voltooiing.";"ja";"nee"
"SPARKI-PRO-001";"PROFIEL";"Instellingen";"P2";"In `TeamIdentitySection` (profile-settings.tsx:140) worden foutmeldingen bij logo-uploads (zoals `logoError`) getoond, maar er is geen toegankelijkheids-announcement (aria-live) voor deze fouten, waardoor ze gemist kunnen worden door screenreaders.";"Ontbrekende aria-live regio voor dynamische foutmeldingen.";"Voeg `aria-live=""polite""` toe aan de foutmelding paragraaf.";"ja";"nee"
"SPARKI-PRO-002";"PROFIEL";"Sportpaspoort";"P2";"Data-privacy: Export-functie bevat gevoelige velden (gezondheid, locatie) die handmatig uitgezet moeten worden; default is 'aan' voor historie/ontwikkeling. (artifacts/sparki/src/components/sparki/sport-passport.tsx:64)";"EXPORT_OPTIONS (line 64) zet historie en ontwikkeling default op true, wat medische trends kan bevatten.";"";"ja";"ja"
"SPARKI-PRO-003";"PROFIEL";"You";"P2";"Owner-check: ownsObservation filtert client-side op 'you' categorie; API stuurt alle observaties ongefilterd mee. (artifacts/sparki/src/pages/you.tsx:413)";"Filteren gebeurt in de component (line 413) ipv bij de bron; overbodige data-overdracht van niet-zichtbare inzichten.";"";"nee";"nee"
"SPARKI-RIJ-002";"RIJDEN";"Ritregistratie";"P2";"Locatiepermissie-uitleg blokkeert rit-start maar systeemdialoog kan alsnog geweigerd worden";"Flow in record.tsx:183-193 start opname zonder check of systeem-OK echt gegeven is";"Wacht op 'granted' status van useLiveLocation alvorens recorder.start()";"ja";"ja"
"SPARKI-RIJ-003";"RIJDEN";"Ritregistratie";"P2";"Crash-recovery (onSaveRecovered) wist recovery store pas na succesvolle save, maar cancel wist points-state";"record.tsx:340 zet points op null, waardoor onafgemaakte rit niet meer direct bereikbaar is tot herstart";"Points-state behouden bij cancel van review";"ja";"ja"
"SPARKI-RIJ-004";"RIJDEN";"Mobiel";"P2";"Navigation-backwards flow (goBack) gebruikt hardcoded router.replace(""/"") bij lege stack";"Verschillende schermen (record.tsx:175, [id].tsx:89) sturen renner naar ""/"" ipv contextueel logisch scherm";"Gebruik Expo Router's Href-safe navigatie of onthoud herkomst";"nee";"ja"
"SPARKI-RIJ-005";"RIJDEN";"navigate/[id].tsx";"P2";"Gebruiker kan navigatie verlaten zonder actieve rit te stoppen; app-badge (setRideActive) en actieve navigatie (saveActiveNav) blijven in de achtergrond draaien zonder dat de gebruiker dit ziet of eenvoudig kan stoppen bij terugkomst.";"De goBack handler in artifacts/sparki-mobile/app/(app)/navigate/[id].tsx:670 voert router.back() uit zonder recorder.stop() of clearActiveNav() aan te roepen.";"Voeg een waarschuwing of automatische stop toe bij het verlaten van de navigatie terwijl recorder.recording waar is.";"nee";"ja"
"SPARKI-RIJ-006";"RIJDEN";"useRideRecorder.ts";"P2";"Dataverlies bij crash: de gereden rit wordt in de voorgrond (web/geen permissie) wel naar disk geschreven (persistForegroundRide), maar bij een herstart op de mobiele app (index.tsx) wordt de actieve navigatie hersteld ZONDER de gereden punten, waardoor de gebruiker de rit niet kan afmaken met behoud van de eerdere track.";"loadActiveNav in lib/active-nav.ts laadt alleen de RouteDetail, niet de RidePoint[] van de afgebroken opname.";"Breid ActiveNav uit met de huidige track-points of zorg dat useRideRecorder deze bij herstel automatisch koppelt aan de actieve route.";"nee";"ja"
"SPARKI-ROU-001";"ROUTES";"Routeplanner";"P2";"GPX-import accepteert 'surface' van client zonder validatie tegen schema";"coerceSurface in routes.ts:3370 ontbreekt of is te laks (geen database-enum check)";"Strict enum check toevoegen in api-server";"ja";"nee"
"SPARKI-ROU-002";"ROUTES";"routes.ts";"P2";"Data-trust: Bij GPX-import via de API (routes.ts:3365) wordt de distance_km en elevation_gain_m direct uit de GPX-parser overgenomen, maar de parser (gpx-parse.ts:188) rondt de afstand af met Math.round(distanceKm * 100) / 100. Dit kan leiden tot kleine discrepanties tussen de opgetelde punten in de geometry en de opgeslagen afstand in de database.";"Afronding in de parser-summary versus de ruwe geometry.";"Sla de ongefrondeerde waarden op of herbereken de metadata consistent bij gebruik.";"nee";"nee"
"SPARKI-ROU-003";"ROUTES";"routes.ts";"P2";"N+1 Query in openbare route-ontdekking: In de /api/routes/ontdek route (routes.ts:932) wordt per unieke eigenaar (max 100) een aparte query uitgevoerd naar isMinorAthlete en ownerHome (regels 971-987), wat de response-tijd van de ontdek-pagina ernstig vertraagt bij veel verschillende auteurs.";"Individuele async calls in een Promise.all over ownerIds.";"Gebruik een IN-clause query om alle athlete-data en homes in één keer op te halen voor de gehele set.";"nee";"nee"
"SPARKI-TEC-001";"TECHNIEK";"Algemeen";"P2";"Data-trust: Hardcoded fallback-teksten in TrainingDayHome.tsx:208 wekken indruk van live data";"Regel 208: ""Weer, route & beste vertrektijd — externe koppeling volgt""";"Vervang door duidelijke 'Coming Soon' placeholder of verberg";"nee";"nee"
"SPARKI-VAN-002";"VANDAAG";"Home";"P2";"De ""HealthMomentBlock"" (day-home.tsx:139) toont een harde waarschuwing bij ziekte/blessure, maar de knop ""Ik ben weer hersteld"" voert een mutatie uit zonder de lokale cache van `useAthleteDashboard` direct bij te werken (alleen de API wordt aangeroepen), wat kan leiden tot een trage UI-update (optimistic update ontbreekt).";"Geen optimistic update of directe invalidatie in de onClick handler (day-home.tsx:168).";"Voeg een `onSuccess` invalidatie toe aan de `setStatus.mutate` call.";"ja";"ja"
"SPARKI-VAN-003";"VANDAAG";"Vandaag";"P2";"In `day-home.tsx:246` wordt de weer-sectie getoond op basis van `weatherAllowed(leadMoment)`. De `leadMoment` wordt berekend op basis van client-side vlaggen. Als de API voor het dashboard faalt, kan de app in een 'loading' state blijven hangen zonder duidelijke error-state voor de gebruiker buiten de StateCard.";"Dashboard-data is cruciaal voor de 'leadMoment' bepaling.";"Voeg een globale error boundary of expliciete dashboard error handling toe in `DayHomeInner`.";"ja";"ja"
"SPARKI-VAN-004";"VANDAAG";"Home";"P2";"Data-trust risico: Weather-module toont fallback/mock data als herkenbaar echte data ('onbekend' of 'geen data' ontbreekt in weergave). (artifacts/sparki/src/components/sparki/home-weather-row.tsx)";"WeatherAllowed gate (App.tsx:48) is aanwezig, maar visuele fallback in component kan misleidend zijn.";"";"ja";"nee"
"SPARKI-VAN-005";"VANDAAG";"Home";"P2";"Mobiel vs Desktop layout: BottomNav is fixed op mobiel, maar ScreenShell op desktop mist soms consistente zijbalk-sync voor alle hoofdstukken. (artifacts/sparki/src/components/sparki/bottom-nav.tsx:62)";"Fixed bottom-nav (line 62) op mobiel; desktop-navigatie hangt af van ScreenShell implementatie per pagina.";"";"ja";"ja"
"SPARKI-ACT-001";"ACTIVITEITEN";"RouteLibrary";"P3";"Geen bevestiging bij verwijderen van route die in wedstrijden wordt gebruikt (route-library.tsx:512)";"De window.confirm is generiek en controleert niet of de route daadwerkelijk gekoppeld is.";"Voeg een check toe aan de API/Client of de route gekoppeld is en toon een specifiekere waarschuwing.";"ja";"nee"
"SPARKI-ACT-002";"ACTIVITEITEN";"RouteLibrary";"P3";"Menu 'Zichtbaarheid' (Openbaar) geeft geen indicatie van huidige staat in het menu zelf (route-library.tsx:440)";"Gebruiker moet op het label vertrouwen in plaats van een visueel vinkje of toggle-icon.";"Voeg een status-icoon (vinkje) toe aan het actieve menu-item voor zichtbaarheid.";"nee";"nee"
"SPARKI-ADM-003";"ADMIN";"HEALTH";"P3";"Health checks kunnen handmatig worden gestart (artifacts/api-server/src/routes/admin.ts:246), maar er is geen rate-limit op deze zware operatie, waardoor een admin per ongeluk de server kan overbelasten door herhaaldelijk op 'Run' te klikken.";"Ontbrekende throttle op de /health/run endpoint.";"Voeg een debouncing of cooldown periode toe van 60 seconden per admin.";"nee";"nee"
"SPARKI-ADM-004";"ADMIN";"admin.tsx:279";"P3";"Admin Provenance clerkId input mist validatie op het format vóór verzenden; lege strings of ongeldige karakters leiden tot onnodige 404/500 API calls.";"Ontbreken van client-side validatie.";"Voeg een regex-check of min-length toe aan de input.";"ja";"nee"
"SPARKI-ANA-002";"ANALYSE";"SessionGraphs";"P3";"Geen 'empty-state' voor ontbrekende hartslag/vermogen zones, toont lege ChartFrame (session-graphs.tsx:261)";"De component rendert niets (null) maar de omringende layout houdt geen rekening met het volledig ontbreken van beide zone-types.";"Toon een duidelijke 'Geen zone-data' placeholder als noch pZones noch hZones beschikbaar zijn.";"ja";"nee"
"SPARKI-ANA-003";"ANALYSE";"SessionGraphs";"P3";"Zone-verdeling op basis van schatting wordt alleen in kleine letters genoemd (session-graphs.tsx:271)";"Data-trust probleem: gebruiker kan zones als absoluut aannemen terwijl ze op een leeftijdsformule gebaseerd zijn.";"Maak de waarschuwing 'Zones op basis van schatting' prominenter (bijv. met een info-icoon of kleuraccent).";"ja";"nee"
"SPARKI-ANA-004";"ANALYSE";"SessionGraphs";"P3";"Vergelijking met vorige rit kan onterecht resultaten tonen bij minimale overlap (session-graphs.tsx:42)";"De 'assessComparability' is de enige barrière, maar de drempels voor duur/type kunnen te ruim zijn voor een zinvolle power-vergelijking.";"Verscherp de vergelijkingseisen voor power-data (bijv. binnen 10% duur-marge).";"ja";"nee"
"SPARKI-ANA-005";"ANALYSE";"WattageLab";"P3";"Hardcoded FTP-ranges in uitleg kunnen afwijken van berekende zones (wattage-lab.tsx)";"Als de documentatie/uitleg hardcoded is en de motor verandert, ontstaat er een data-trust kloof.";"Genereer de uitleg-teksten dynamisch op basis van de actuele zone-definities uit de config.";"nee";"nee"
"SPARKI-CLU-005";"CLUB";"CLUB-BEHEER";"P3";"Bij het uitnodigen van nieuwe leden (artifacts/sparki/src/pages/club-beheer.tsx:282) is het e-mailveld optioneel. Als dit leeg blijft, wordt een token-link gegenereerd die door iedereen gebruikt kan worden, wat een risico vormt voor ongewenste aanmeldingen bij publieke verspreiding.";"Geen beperking op token-gebruik bij generieke uitnodigingen.";"Voeg een verval-instelling (aantal dagen) of maximaal aantal gebruiken toe aan generieke uitnodigingen.";"ja";"nee"
"SPARKI-CLU-006";"CLUB";"CLUB-BEHEER";"P3";"Bij het aanmaken van seizoenen (artifacts/api-server/src/routes/club.ts:908) is er geen controle op overlappende data of dubbele namen, wat kan leiden tot verwarring in de kalender en bij teamtoewijzingen.";"Ontbrekende validatie op unieke actieve seizoenen.";"Valideer dat er maximaal één 'actief' seizoen per club is.";"ja";"ja"
"SPARKI-CLU-007";"CLUB";"club-beheer.tsx:197";"P3";"Kopieerknop voor clubcode geeft geen visuele bevestiging (vinkje/toast) na het klikken; gebruiker weet niet of het gelukt is.";"Ontbreken van success-feedback state.";"Voeg een kortstondige ""Gekopieerd!"" melding toe.";"ja";"nee"
"SPARKI-CLU-008";"CLUB";"club.ts:400";"P3";"API ondersteunt maxParticipants voor clubtrainingen, maar de club-beheer UI (regel 382) toont nergens hoeveel mensen zich al hebben aangemeld bij het inplannen.";"Missing read-back van capaciteit in de planningview.";"Toon huidige aanmeldingen vs maxParticipants in het overzicht.";"ja";"nee"
"SPARKI-COA-005";"COACH";"COACH-COCKPIT";"P3";"Sparki-wijzigingsvoorstellen op coachtrainingen kunnen door de coach geaccepteerd of afgewezen worden, maar de 'aanpassen' optie in de UI (artifacts/sparki/src/pages/coach-cockpit.tsx:137) heeft geen specifieke handler die afwijkt van de standaard signal action, wat verwarrend kan zijn voor de coach.";"UI suggereert handmatige correctie-flow die in de backend (coach-cockpit.ts:268) als een binaire actie wordt verwerkt.";"Voeg een formulier toe voor 'aanpassen' dat de velden van de training direct opent met de voorgestelde waarden ingevuld.";"ja";"nee"
"SPARKI-COA-006";"COACH";"COACH-COCKPIT";"P3";"De planning-sectie toont Sparki-trainingen als read-only (artifacts/sparki/src/pages/coach-cockpit.tsx:300), maar de coach kan deze niet 'overnemen' of 'adopteren' naar een coachtraining om deze zelf te beheren, wat een veelvoorkomende workflow is.";"Ontbrekende 'adopt'-actie in de UI en backend.";"Voeg een 'Adopteer' knop toe die de Sparki-training kopieert naar een nieuwe training met source='coach'.";"ja";"ja"
"SPARKI-COA-007";"COACH";"coach-cockpit.tsx:126";"P3";"Besluitknoppen op signalen (Overnemen/Aanpassen/Afwijzen/Parkeren) missen een visuele ""active"" state voor het huidige besluit; alleen de label-chip bovenaan verraadt de status.";"Geen feedbackloop in de UI voor reeds genomen besluiten.";"Voeg een 'selected' styling toe aan de knoppen of verberg actie-knoppen volledig als een definitief besluit (niet geparkeerd) is genomen.";"ja";"nee"
"SPARKI-COA-008";"COACH";"coach-cockpit.ts:412";"P3";"Handmatige invoer van targetDurationMin > 1440 (24u) geeft 400 error; hoewel logisch voor 1 sessie, is de foutmelding generiek.";"Harde limiet zonder specifieke toelichting.";"Verbeter de error-string naar ""Duur mag maximaal 24 uur zijn"".";"ja";"nee"
"SPARKI-COA-009";"COACH";"coach-cockpit.tsx:521";"P3";"Berichtenlijst in de cockpit gebruikt hardcoded 'mine' check op athleteId; dit breekt als een sporter meerdere coaches heeft en zij elkaars berichten zouden zien (indien toegestaan).";"Aanname van 1:1 relatie in styling-logica.";"Gebruik senderClerkId === currentCoachId voor de 'mine' status.";"ja";"nee"
"SPARKI-COA-010";"COACH";"coach-cockpit.tsx:123";"P3";"Bronnen van een signaal worden getoond als rauwe strings; als een bronnaam wijzigt in de backend of spaties bevat, oogt het slordig.";"Directe join van array-strings.";"Map bron-sleutels naar leesbare labels.";"ja";"nee"
"SPARKI-COA-011";"COACH";"coach-cockpit.ts:639";"P3";"Bij herhalen van trainingen (repeat) wordt de raceId in structure simpelweg gekopieerd; als de race inmiddels voorbij is op de nieuwe datum, is de data inconsistent.";"Deep copy zonder validatie van gekoppelde entiteiten.";"Check of de raceId nog valide/toekomstig is voor de nieuwe datums.";"ja";"ja"
"SPARKI-INS-004";"INSTELLINGEN";"Koppelingen";"P3";"De `handleRevoke` functie (links-section.tsx:206) toont een melding als een koppeling al verwijderd was, maar gebruikt daarvoor een generieke `setNotice`. De gebruiker krijgt geen visuele feedback welke rij precies mislukte als er meerdere in afwachting waren.";"Gedeelde error state voor de hele sectie.";"Gebruik een per-item loading/error state.";"ja";"nee"
"SPARKI-INS-005";"INSTELLINGEN";"Links";"P3";"Silent catch / Gebrekkige foutafhandeling: Bij mislukken van revoke-link wordt een amber-alert getoond ipv een harde error of retry. (artifacts/sparki/src/components/sparki/links-section.tsx:214)";"onError in mutation (line 213) zet alleen een lokale string-state 'notice'.";"";"nee";"ja"
"SPARKI-INS-006";"INSTELLINGEN";"Privacy";"P3";"Toegankelijkheid: Form-elementen (select) in PrivacyGrid hebben kleine touch-targets (py-1.5) en missen duidelijke labels voor screenreaders. (artifacts/sparki/src/components/sparki/profile-privacy-grid.tsx:71)";"Select-element (line 71) heeft beperkte padding en inline label.";"";"nee";"nee"
"SPARKI-INS-007";"INSTELLINGEN";"Links";"P3";"Toegankelijkheid: 'Koppeling verwijderen' knop (X) heeft kleine hitbox (h-8 w-8) en lage kleurcontrast (white/35). (artifacts/sparki/src/components/sparki/links-section.tsx:174)";"Button-afmetingen en kleur (line 179) bemoeilijken bediening op mobiel.";"";"nee";"nee"
"SPARKI-PLA-006";"PLAN";"PlanWizard";"P3";"Onlogische flow: agenda-items moeten persist zijn voordat plan wordt gebouwd, maar formulier suggereert dat 'Periode toevoegen' optioneel is in de wizard (plan-wizard.tsx:175)";"Agenda-schrijfacties zijn asynchroon; als gebruiker direct op 'Bouw mijn plan' klikt na invoer zonder op 'Toevoegen' te klikken, mist het plan deze data.";"Forceer opslaan van openstaande agenda-input bij het starten van 'bouwPlan' of waarschuw de gebruiker.";"ja";"nee"
"SPARKI-PRO-004";"PROFIEL";"You";"P3";"Op de `/you` pagina wordt in `useEffect` (you.tsx:344) een interval van 250ms gebruikt om te scrollen naar een sectie tot de layout stabiel is. Dit kan leiden tot ""jank"" en onnodige CPU belasting op mobiele apparaten.";"Handmatige stabiliteitscheck met `window.setInterval`.";"Gebruik `ResizeObserver` of een meer React-vriendelijke manier om layout-stabiliteit te detecteren.";"ja";"nee"
"SPARKI-PRO-005";"PROFIEL";"Instellingen";"P3";"De `CheckInForm` (profile-settings.tsx:668) valideert de HRV-input (`min={20}, max={250}`) alleen in de HTML-attributen, niet in de `handleSave` functie. Handmatige invoer via de console of oude browsers kan ongeldige data versturen.";"Ontbrekende check in de submit handler.";"Voeg een check toe in `handleSave` voordat de mutatie wordt aangeroepen.";"ja";"ja"
"SPARKI-PRO-006";"PROFIEL";"Instellingen";"P3";"Bij het wijzigen van het humorniveau (profile-settings.tsx:413) wordt `update.mutate` direct aangeroepen bij elke klik op een knop. Er is geen 'Save' knop, wat kan leiden tot veel onnodige API calls als een gebruiker twijfelt.";"Directe mutatie op onClick.";"Gebruik een lokale state en een expliciete opslaan-knop voor de humor-instelling.";"ja";"nee"
"SPARKI-PRO-007";"PROFIEL";"You";"P3";"De `useAthleteExtendedProfile` hook (use-athlete-extended-profile.ts:14) is enabled als `isSignedIn === true";"";"DEV_PREVIEW`. In productie kan dit leiden tot pogingen om profielen op te halen voordat de Clerk sessie volledig is geïnitialiseerd, wat 401 fouten in de console veroorzaakt. — Zwakke guard op de query-activatie. — Gebruik `isSignedIn && !!user` van Clerk voor een strakkere guard.";"ja";"nee"
"SPARKI-PRO-008";"PROFIEL";"Sportpaspoort";"P3";"Data-trust: 'Berekend' en 'Geschat' waarden in paspoort hebben identieke visuele weging als 'Gemeten' (alleen kleurverschil in chip). (artifacts/sparki/src/components/sparki/sport-passport.tsx:30)";"OriginChips (line 37) gebruiken hetzelfde visuele formaat voor geverifieerde vs afgeleide data.";"";"nee";"nee"
"SPARKI-RIJ-007";"RIJDEN";"Ritregistratie";"P3";"Voedingstik-tellers worden na opslaan direct gereset; bij mislukte POST naar /api/nutrition zijn tikken weg";"Silent catch in record.tsx:301 verliest data bij netwerkfout na rit-save";"Houd voedingstikken vast in state tot POST-bevestiging";"ja";"ja"
"SPARKI-RIJ-008";"RIJDEN";"Navigatie";"P3";"MeldNavigatieStart faalt stil bij netwerkfout, backend mist gebruiksdata";"try-catch in routes-api.ts:49 slikt fout in";"Voeg retry-logica of offline-wachtrij toe";"ja";"nee"
"SPARKI-RIJ-009";"RIJDEN";"Ritregistratie";"P3";"Automatisch rit-einde (autoEnded) in record.tsx:158 kan abusievelijk belangrijke data afknippen";"Confidence check op 'strong' in useEffect:372 is een blackbox schatting";"Toon duidelijker preview van 'afgeknipt' deel voor bevestiging";"nee";"ja"
"SPARKI-RIJ-010";"RIJDEN";"Ritregistratie";"P3";"Gezondheidswaarschuwing (sick/injured) wordt genegeerd na ophalen";"healthWarning state in record.tsx:107 wordt gevuld maar nergens als blokkerende/waarschuwende UI getoond";"Toon waarschuwingsbanner/modal bij onStartPressed indien healthWarning set";"nee";"ja"
"SPARKI-RIJ-011";"RIJDEN";"Sensors";"P3";"Bluetooth sensor-samples (stoppedSamples) kunnen leeg zijn bij recovery";"record.tsx:326 hangt af van recorder.recoverable.sensorSamples, verifieer persistentie";"Check of sampling-interval tijdens recovery-sessie correct herstart";"ja";"ja"
"SPARKI-RIJ-012";"RIJDEN";"Ritregistratie";"P3";"Tijd-snapshot (logDate) in record.tsx:242 gebruikt lokale tijd, risico op verkeerde dag bij middernacht-ritten";"Vastleggen op basis van systeemklok ipv eerste trackpoint-tijd";"Gebruik tijdstempel van eerste GPS-fix voor logDate";"nee";"nee"
"SPARKI-RIJ-013";"RIJDEN";"navigate/[id].tsx";"P3";"Onlogische flow: bij het stoppen van een rit wordt direct saveRide.mutateAsync aangeroepen (regel 1358) voordat de gebruiker de kans krijgt om de rit te beoordelen of de naam te wijzigen (wat wel kan bij recovered rides). Dit leidt tot ""Naamloze route"" of hardcoded routenamen in de activiteitslijst.";"De onStop handler in navigate/[id].tsx:1350 start de mutatie direct met de default naam.";"Introduceer een review-stap (modal/scherm) na het stoppen van de opname maar vóór de finale API-call.";"nee";"ja"
"SPARKI-RIJ-014";"RIJDEN";"useRideRecorder.ts";"P3";"Sensordata wordt alleen gelogd als het scherm aan staat (JS timer in useEffect, regel 282), terwijl de GPS-track in de native achtergrond doorloopt. Dit creëert grote ""gaten"" in vermogens- en hartslagdata bij ritten met de telefoon in de achterzak, wat de trainingsanalyse onbetrouwbaar maakt.";"JS timers bevriezen in React Native achtergrond; alleen de native locatie-task (lib/ride-tracker) loopt door.";"Verplaats de sensor-sampling naar de native task of gebruik een native interval/module voor sensordata-collectie.";"nee";"ja"
"SPARKI-RIJ-015";"RIJDEN";"navigate/[id].tsx";"P3";"Wanneer de gebruiker de kaart handmatig verschuift (onUserPan), stopt de navigatie met volgen (following = false, regel 766). Er is echter geen duidelijke ""recenter"" knop in de UI om het volgen weer te activeren; de gebruiker moet de ""Navigeer"" knop onderin vinden (regel 1238) die niet als ""recenter"" oogt.";"Ontbreken van een expliciete herstelknop voor kaart-focus.";"Voeg een herkenbare ""Focus op mij"" knop toe op de kaart wanneer following false is.";"nee";"ja"
"SPARKI-ROU-004";"ROUTES";"Routebibliotheek";"P3";"Ontbrekende 'Navigeer' knop bij route-details (reeds gemeld als Taak #25)";"Geen trigger om navigatie te starten vanaf detail-drawer";"Voeg Navigeer-knop toe aan linked-route.tsx:320";"nee";"ja"
"SPARKI-ROU-005";"ROUTES";"Routeplanner";"P3";"RejoinRoute faalt zonder duidelijke fallback-instructie voor de renner";"customFetch in routes-api.ts:174 gooit rauwe backend error";"Vang 404/500 op met instructie: ""Rijd terug naar de blauwe lijn""";"nee";"ja"
"SPARKI-ROU-006";"ROUTES";"route-panel.tsx";"P3";"Slechte foutafhandeling: Bij een mislukte GPX-upload (regel 3169) wordt alleen een generieke melding ""Route kon niet worden verwerkt"" getoond, ongeacht of de fout lag aan een corrupte GPX, een serverfout (500), of een validatiefout (422 - geen trackpunten).";"Hardcoded error string in de onError callback.";"Gebruik de error-boodschap van de API (res.json({error: ...})) om de gebruiker specifiek te informeren.";"nee";"nee"
"SPARKI-ROU-007";"ROUTES";"routes.ts";"P3";"Toegankelijkheid/Privacy: De /api/routes/bibliotheek route (regel 1108) controleert geen eigenaarschap of autorisatie op de individuele routes (gebruikt routesInBbox), terwijl de web-UI suggereert dat dit persoonlijke of startset-routes zijn. Hoewel dit startset-data is, ontbreekt een duidelijke check of de opvrager in die regio ""mag"" kijken.";"Ontbreken van user-context in de database-query (lib/route-library.ts:161).";"Voeg een owner-check of regio-validatie toe gebaseerd op de clerkId van de gebruiker.";"nee";"nee"
"SPARKI-TEC-002";"TECHNIEK";"api-server/src/routes";"P3";"Ontbrekende query limits op veel DB-selects vergroot risico op memory issues bij groeiende datasets.";"Veel endpoints gebruiken db.select().from() zonder .limit().";"Voeg standaard limits (bijv. 100) toe aan alle lijst-selects in routes/account.ts, club.ts en release.ts.";"nee";"ja"
"SPARKI-TEC-003";"TECHNIEK";"sparki/src/lib/api.ts:53";"P3";"Silent catch bij mislukte JSON-parsing van error response kan foutdiagnose bemoeilijken.";"Try-catch blok negeert parse-fouten bij het ophalen van foutmeldingen van de server.";"Log de parse-fout of behoud de oorspronkelijke statusText als fallback in de Error.";"ja";"ja"
"SPARKI-TEC-004";"TECHNIEK";"sparki/src/components/sparki/day-homes";"P3";"Potentieel dode/ongebruikte schermen: emergency-day-home.tsx en race-day-home.tsx lijken nog niet actief aangeroepen (zie Task #5).";"Componenten zijn gebouwd maar de logica om ze te tonen is nog gepauzeerd/niet gemerged.";"Activeer de routing-logica voor deze schermen zodra de data-afhankelijkheden (zie Task #5) gereed zijn.";"ja";"ja"
"SPARKI-TEC-005";"TECHNIEK";"sparki/src/App.tsx:707";"P3";"Wouter-routes zijn niet gegroepeerd in een Switch, wat kan leiden tot dubbele rendering als paden overlappen.";"Routes staan los in de AppRouter zonder Switch wrapper.";"Wikkel alle Route-definities in een <Switch> component van wouter.";"nee";"ja"
"SPARKI-TEC-006";"TECHNIEK";"sparki/src/hooks/use-load.ts:16";"P3";"Data-trust risico: useLoad hook staat data-fetching toe zonder auth als DEV_PREVIEW aan staat.";"enabled: isSignedIn === true";" — DEV_PREVIEW. — Zorg dat DEV_PREVIEW in productie-builds gegarandeerd 'false' is via build flags.";"nee";"ja"
"SPARKI-TEC-007";"TECHNIEK";"sparki/src/components/sparki/training-builder.tsx:21";"P3";"Zware berekening (buildTimeline) wordt direct in de render-loop aangeroepen.";"const segs = buildTimeline(template.structure) zonder useMemo.";"Wikkel zware transformaties van template-structuren in useMemo om onnodige herberekeningen bij re-renders te voorkomen.";"ja";"ja"
"SPARKI-TEC-008";"TECHNIEK";"api-server/src/lib/routing/providers/ors.ts:173";"P3";"Performance logging met performance.now() zonder centrale registratie.";"Losse console.log voor timing in routing provider.";"Centraliseer performance monitoring om knelpunten app-breed te kunnen analyseren.";"nee";"nee"
"SPARKI-TEC-009";"TECHNIEK";"sparki/src/components/sparki/route-navigator.tsx:4438";"P3";"Silent ignore bij falende browser speech engine (TTS) kan verwarrend zijn voor de gebruiker.";"Geen fallback of foutmelding als window.speechSynthesis niet werkt of de stem ontbreekt.";"Toon een visuele indicatie/toast als audio-instructies niet kunnen worden afgespeeld.";"ja";"ja"
"SPARKI-TEC-010";"TECHNIEK";"api-server/src/scripts/backfill-world-photos.ts:98";"P3";"Potentieel memory-lek of performance issue bij backfills door slice() op volledige tabel-rows.";"rows.slice(0, limit) laadt eerst ALLES in geheugen alvorens te limiteren.";"Voeg de .limit(limit) direct toe aan de database query in plaats van in-memory slicing.";"nee";"nee"
"SPARKI-TEC-011";"TECHNIEK";"sparki/src/components/ui/sidebar.tsx:12";"P3";"useEffect zonder dependency array of met onvolledige dependencies kan infinite loops triggeren.";"React.useEffect met mogelijk ontbrekende dependencies.";"Controleer alle useEffect hooks op de aanwezigheid van een correcte dependency array (linting check).";"ja";"ja"
"SPARKI-TEC-012";"TECHNIEK";"Home";"P3";"Upgrade-nudge voor AI-briefing blokkeert volledige briefing sectie";"briefBlocked check in training-day-home.tsx:432";"Toon beperkte 'gratis' briefing ipv volledige blokkade";"nee";"nee"
"SPARKI-TEC-013";"TECHNIEK";"API-server";"P3";"Boot-waarschuwing FTP-inconsistentie: profiel-FTP leeg terwijl nieuwste geldige meting 268 W is (derived-load backfill).";"Profielveld en ftp_history lopen uiteen; self-heal corrigeert het profiel niet.";"Beslissen of backfill het profiel mag bijwerken of de melding een admin-actie moet worden; nu blijft de inconsistentie elke boot terugkomen.";"ja";"ja"
"SPARKI-VAN-006";"VANDAAG";"Home";"P3";"De ""StateCard"" (gebruikt op home) toont een begroeting op basis van de lokale tijd van de browser, maar de logica in `greeting()` (state-card.tsx:76) houdt geen rekening met tijdzones als de server-tijd zou afwijken (hoewel client-side uitgevoerd).";"Cliënt-side `new Date().getHours()` is correct voor de gebruiker, maar de UI-state kan verspringen bij hydratatie als de initiële render op de server gebeurt.";"Gebruik een useEffect voor de begroeting om hydration-mismatches te voorkomen.";"ja";"nee"
"SPARKI-VAN-007";"VANDAAG";"Home";"P3";"In `StateDayHome` (day-home.tsx:195) wordt bij een `focus === ""nutrition""` deep-link de view omgezet naar `voedingOpen`, maar de URL wordt direct vervangen door `/`. Dit verbreekt de browser 'back' knop functionaliteit voor gebruikers die via een link kwamen.";"`navigate(""/"", { replace: true })` verwijdert de state uit de URL.";"Gebruik router-state of laat de param staan tot de modal sluit.";"ja";"nee"
"SPARKI-VAN-008";"VANDAAG";"Momentblok";"P3";"N+1 query risico bij het laden van dashboard-data (vandaagWorkout, vandaagMetrics, allSessions, load) in één request. (artifacts/api-server/src/routes/athlete.ts:436)";"Eén route voert 4+ database queries sequentieel uit per dashboard-load.";"";"nee";"ja"
"SPARKI-VAN-009";"VANDAAG";"Training";"P3";"Ontbrekende handler: 'Route, weer & beste vertrektijd' in Sparki-uitleg-blok is hardcoded tekst zonder werkende link of data. (artifacts/sparki/src/components/sparki/training-day-home.tsx:207)";"Lijst-item (line 207) geeft expliciet aan 'nog geen live data', oogt als feature-placeholder.";"";"nee";"nee"
"SPARKI-VAN-010";"VANDAAG";"AddTraining";"P3";"Onlogische flow: Datumkeuze in LogSessionForm staat 'gisteren' toe bij inplannen, en 'morgen' bij loggen via contextDate. (artifacts/sparki/src/components/sparki/add-training.tsx:341)";"Min/max attributen op date-inputs (line 417, 155) zijn aanwezig maar de initialDate logic (line 341) kan dit passeren.";"";"nee";"ja"
"SPARKI-VAN-011";"VANDAAG";"Training";"P3";"Data-expositie: Sparkline voor fitheid (CTL) toont lege staat ('Log sessies...') ipv empty-state component met call-to-action. (artifacts/sparki/src/components/sparki/training-day-home.tsx:537)";"Inline paragraaf (line 537) ipv consistente UI empty-state.";"";"nee";"nee"
"SPARKI-VAN-012";"VANDAAG";"Home";"P3";"Performance: Strava-sync wordt bij ELKE dashboard-load getriggerd (void schedule) wat onnodige server-load geeft. (artifacts/api-server/src/routes/athlete.ts:444)";"maybeScheduleStravaCatchUp (line 444) vuurt bij elke GET /api/athlete/dashboard.";"";"nee";"ja"
"SPARKI-VAN-013";"VANDAAG";"Home";"P3";"Foutafhandeling: 'AccountNotReady' retry-knop voert refetch() uit, maar herstelt niet van netwerk-timeout in Clerk-SDK zelf. (artifacts/sparki/src/App.tsx:233)";"Retry-knop (line 233) herlaadt alleen Sparki-profiel, niet de auth-sessie.";"";"nee";"ja"
"SPARKI-ACT-003";"ACTIVITEITEN";"RouteDiscover";"P4";"Kaartstijl (Voyager) wijkt af van de rest van de app (dark-mode) (route-discover.tsx:53)";"Inconsistente visuele stijl vergeleken met RouteMap en andere kaart-onderdelen.";"Gebruik dezelfde dark-mode tileset als in RouteMap (cartodb-dark-matter).";"nee";"nee"
"SPARKI-ADM-005";"ADMIN";"admin.tsx:442";"P4";"Datasets per bron lijst in Data Trust dashboard gebruikt hardcoded 'green/red' uit STATUS_META; bij theme-wijzigingen kan het contrast wegvallen.";"Hardcoded style-object koppelingen.";"Gebruik de theme-tokens of CSS variabelen.";"nee";"nee"
"SPARKI-ADM-006";"ADMIN";"admin-health-detail.tsx:56";"P4";"Terug-knop op de health-detail pagina is een harde link naar /admin ipv window.history.back; dit verbreekt de flow als de admin vanaf een specifiek dashboard kwam.";"Statische navigatie.";"Gebruik een dynamische terug-logica zoals in ScreenShell.";"ja";"nee"
"SPARKI-CLU-009";"CLUB";"CLUB-BEHEER";"P4";"De locaties-sectie (artifacts/sparki/src/pages/club-beheer.tsx:223) toont geen foutmeldingen van de server als het toevoegen van een locatie mislukt door netwerkfouten, alleen lokale validatie op lege naam.";"Onvolledige foutafhandeling in de mutation.";"Gebruik de error state van useCreateClubLocation om een melding te tonen.";"ja";"nee"
"SPARKI-COA-012";"COACH";"COACH-COCKPIT";"P4";"De 'lastReviewedAt' datum wordt bijgehouden op de link (artifacts/api-server/src/routes/coach-cockpit.ts:331), maar in de cockpit-UI (artifacts/sparki/src/pages/coach-cockpit.tsx) is er geen visuele indicatie of knop om deze beoordeling direct te markeren zonder een signaalactie.";"Actie is alleen beschikbaar via API, niet prominent in de cockpit-UI.";"Voeg een 'Markeer als beoordeeld' knop toe bovenaan de cockpit.";"ja";"nee"
"SPARKI-COA-013";"COACH";"coach-cockpit.tsx:213";"P4";"Workout-datumkiezer in het formulier gebruikt de standaard browser-styling die vloekt met het premium dark-theme van de cockpit.";"Gebruik van standaard <input type=""date""> zonder custom styling.";"Pas Tailwind styling toe op de date-picker of gebruik een custom component.";"ja";"nee"
"SPARKI-COA-014";"COACH";"coach-cockpit.tsx:236";"P4";"Numerieke inputs (Duur/Belasting) strippen niet-cijfers via regex, maar tonen geen foutmelding als de gebruiker letters probeert te typen.";"Silent input filtering.";"Toon een subtiele inline error of gebruik een numeriek toetsenbord/input type.";"nee";"nee"
"SPARKI-COA-015";"COACH";"coach-cockpit.tsx:640";"P4";"EndDate tooltip (""Geldig tot (optioneel)"") op de context-input is niet toegankelijk voor keyboard-only gebruikers.";"Gebruik van native title attribuut.";"Vervang door een ARIA-label of visuele hint.";"ja";"nee"
"SPARKI-LOG-004";"LOGIN";"Clerk";"P4";"Cosmetisch: Logo-URL in Clerk-appearance gebruikt window.location.origin, wat problemen geeft bij redirects vanaf andere subdomains/proxy's. (artifacts/sparki/src/App.tsx:144)";"Hardcoded origin-prefix in logoImageUrl (line 144).";"";"nee";"nee"
"SPARKI-PLA-007";"PLAN";"TrainingPlanPanel";"P4";"Datum-labels gebruiken browser-locale in plaats van vaste app-taal (training-plan-panel.tsx:177)";"Potentiële inconsistentie in datum-notatie (bijv. 'Mon' vs 'Ma') bij verschillende browserinstellingen.";"Gebruik een vaste locale ('nl-NL') voor alle date-formatting in de app.";"nee";"nee"
"SPARKI-PRO-009";"PROFIEL";"You";"P4";"De `identity.facts` op de `/you` pagina (you.tsx:564) hebben een vaste breedte `flex-1` zonder wrapping, wat op zeer smalle schermen (bijv. iPhone SE) tekstoverlap kan veroorzaken.";"`flex-1 text-center` zonder overflow-afhandeling.";"Gebruik `flex-wrap` of een grid layout die responsive is.";"ja";"nee"
"SPARKI-PRO-010";"PROFIEL";"You";"P4";"De `/you` pagina gebruikt `HoofdstukTabs` (you.tsx:522) met een `variant=""donker""`. Andere schermen in de app lijken een andere tab-stijl te gebruiken (gebaseerd op `ui/tabs.tsx`), wat zorgt voor een inconsistente visuele ervaring.";"Meerdere tab-implementaties in de codebase.";"Standaardiseer op één Tab component voor alle pagina's.";"ja";"nee"
"SPARKI-PRO-011";"PROFIEL";"You";"P4";"Cosmetisch: Tab-switching (?tab=) en focus (?focus=) veroorzaken 2.5s jitter door re-scrolling logic om async content te vangen. (artifacts/sparki/src/pages/you.tsx:347)";"Interval-based scrollIntoView (line 364) tikt 2.5s lang door om layout-shifts te compenseren.";"";"nee";"nee"
"SPARKI-RIJ-016";"RIJDEN";"Ritoverzicht";"P4";"Datumformattering in RideDetailScreen gebruikt lokale systeemtijd ipv rit-tijdzone";"fmtDate in [id].tsx:41 negeert mogelijke verschuivingen door iso-split";"Gebruik date-fns of verifieer UTC-afhandeling";"nee";"nee"
"SPARKI-RIJ-017";"RIJDEN";"Ritdetail";"P4";"Delen van rit-afbeelding faalt stil op Web";"Platform check in [id].tsx:150 voorkomt actie maar geeft geen feedback";"Toon 'niet ondersteund op web' melding aan gebruiker";"nee";"nee"
"SPARKI-RIJ-018";"RIJDEN";"Mobiel";"P4";"Inconsistent gebruik van Lucide (web) vs Ionicons (mobiel) in navigatie-iconen";"[id].tsx:227 gebruikt Ionicons, training-day-home.tsx:28 Lucide";"Harmoniseer icoon-sets voor visuele consistentie";"nee";"nee"
"SPARKI-ROU-008";"ROUTES";"Routeoverzicht";"P4";"N+1 risico in routes.ts:143 door ontbrekende joins voor statistieken";"Routes query fetcht summaries zonder aggregates (distance/elevation) indien die in een aparte tabel staan";"Verifieer of drizzle-query alle benodigde velden in één join ophaalt";"nee";"nee"
"SPARKI-ROU-009";"ROUTES";"Routebibliotheek";"P4";"Zoekregister (zoekregister.ts) is case-sensitive of mist accent-insensitivity";"Geen normalisatie zichtbaar in lib/zoekregister.ts";"Implementeer unidecode/lowercasing in zoek-index";"nee";"nee"
"SPARKI-ROU-010";"ROUTES";"route-library.tsx";"P4";"Cosmetisch: De ""Verwijderen"" actie (regel 516) gebruikt een browser window.confirm(). Dit wijkt af van de rest van de Sparki-designtaal die gebruik maakt van Radix/custom modals.";"Directe aanroep van window.confirm.";"Vervang window.confirm door een UI-consistent bevestigingsvenster.";"nee";"nee"
"SPARKI-ROU-011";"ROUTES";"route-panel.tsx";"P4";"Geen empty-state: Wanneer een gebruiker geen bewaarde routes heeft en op ""Bewaarde routes"" klikt (regel 3218), gebeurt er niets (de lijst wordt niet getoond omdat routes.length > 0 is). De gebruiker krijgt geen feedback dat de lijst leeg is.";"Conditionele rendering op routes.length > 0.";"Toon een helpende tekst (""Je hebt nog geen routes bewaard"") wanneer de lijst leeg is.";"nee";"nee"
"SPARKI-TEC-014";"TECHNIEK";"sparki/src/pages/lab.tsx:1";"P4";"Dode code/testpagina: /lab is een omvangrijke testpagina met veel imports die waarschijnlijk niet in productie hoort.";"Pagina is blijven staan na ontwikkeling van diverse viz-componenten.";"Verwijder artifacts/sparki/src/pages/lab.tsx en de route in App.tsx vóór productie-release.";"nee";"nee"
"SPARKI-TEC-015";"TECHNIEK";"api-server/src/routes/routes.ts:502";"P4";"Actieve console.log statements in productie-paden (o.a. in routes.ts en jobs) vervuilen server logs.";"Debug logs zijn niet verwijderd of vervangen door een logger.";"Vervang console.log door een gestructureerde logger (zoals pino of winston) of verwijder ze.";"nee";"nee"
"SPARKI-TEC-016";"TECHNIEK";"sparki/src/components/sparki/beheer-popup.tsx:39";"P4";"Vaste breedte-classes (sm:max-w-2xl) in sheets kunnen layout-problemen geven op zeer kleine mobiele schermen.";"Hardcoded max-width op SheetContent.";"Gebruik relatieve breedtes of zorg voor volledige breedte op mobile-first viewports.";"ja";"ja"
"SPARKI-TEC-017";"TECHNIEK";"sparki/src/components/sparki/entitlements-admin.tsx:11";"P4";"Hardcoded strings voor 'temporary_addon' etc. maken i18n/onderhoud lastiger.";"Type-definities en labels staan hardcoded in de component.";"Verplaats configuratie-data naar een apart constants of types bestand.";"ja";"nee"
"SPARKI-TEC-018";"TECHNIEK";"sparki/src/components/sparki/connections-section.tsx:27";"P4";"Magic numbers/kleuren in component styling (rgba(251,191,36,0.22)).";"Inline styles gebruiken hardcoded RGBA waarden in plaats van Tailwind thema-kleuren.";"Vervang hardcoded kleuren door Tailwind theme-tokens (bijv. amber-400/20) voor consistente UI.";"ja";"nee"
"SPARKI-TEC-019";"TECHNIEK";"API-server";"P4";"Continue GET / 404-logregels op de api-server in dev (platform-pings); vervuilt logs en bemoeilijkt diagnose.";"Liveness-ping raakt de kale service-root; alleen /api en /api/healthz geven 200.";"Root-pad een lichte 200 geven of deze pings uit de request-logging filteren.";"ja";"nee"