task_id,task_name,status,commit_sha,merged,tests_status,evidence_file,build_pack_mapping,duplicate_of,recommended_action,notes
"#390","Voer de goedgekeurde observatie-opschoning in productie uit","LOPEND_MERGE","","bezig","","","WP-A02 (productie-uitvoering)","","volgen",""
"#402","Vang merge-schade ook op de overige admin-schermen (feedback, mislukte imports, herkomst)","LOPEND_MERGE","","bezig","","","","","volgen",""
"#216","Verify mobile navigation end-to-end (web route → app → live Mapbox nav)","GEACCEPTEERD_NOG_NIET_GESTART","","nee","","","","","volgen",""
"#5","Activate race-day and emergency homepages once race & health data exist","CONCEPT_NIET_GESTART","","nee","","","","","beoordelen/ontdubbelen met Build Pack",""
"#6","Club & coaching module","CONCEPT_NIET_GESTART","","nee","","","WP-A07..A14 (club & coaching)","","beoordelen/ontdubbelen met Build Pack",""
"#7","Add automated checks that lock in the daily homepage logic","CONCEPT_NIET_GESTART","","nee","","","","","beoordelen/ontdubbelen met Build Pack",""
"#25","Add a Navigeer button to the linked-route detail drawer","CONCEPT_NIET_GESTART","","nee","","","","","beoordelen/ontdubbelen met Build Pack",""
"#26","Attach an existing saved route to a planned training","CONCEPT_NIET_GESTART","","nee","","","","","beoordelen/ontdubbelen met Build Pack",""
"#27","Restore automatic route suggestions so the app runs again","CONCEPT_NIET_GESTART","","nee","","","","","beoordelen/ontdubbelen met Build Pack",""
"#30","Let athletes change their home location after onboarding","CONCEPT_NIET_GESTART","","nee","","","","","beoordelen/ontdubbelen met Build Pack",""
"#31","Tell athletes when a training route couldn't be generated","CONCEPT_NIET_GESTART","","nee","","","","","beoordelen/ontdubbelen met Build Pack",""
"#36","Make development and production databases match the app's data model","CONCEPT_NIET_GESTART","","nee","","","INFRA-06/12 (db-pariteit)","","beoordelen/ontdubbelen met Build Pack",""
"#37","Automatically test the coach advisory view so it can't silently break","CONCEPT_NIET_GESTART","","nee","","","","","beoordelen/ontdubbelen met Build Pack",""
"#39","Make tester QR a true one-scan entry (skip the accept tap)","CONCEPT_NIET_GESTART","","nee","","","","","beoordelen/ontdubbelen met Build Pack",""
"#40","Take Sparki mobile (native companion app)","CONCEPT_NIET_GESTART","","nee","","","","","beoordelen/ontdubbelen met Build Pack",""
"#41","Automatically verify a scanned tester QR lands testers in onboarding","CONCEPT_NIET_GESTART","","nee","","","","","beoordelen/ontdubbelen met Build Pack",""
"#43","Alert the admin when something breaks","CONCEPT_NIET_GESTART","","nee","","","","","beoordelen/ontdubbelen met Build Pack",""
"#44","Automatically verify uploaded routes export back to a faithful GPX","CONCEPT_NIET_GESTART","","nee","","","","","beoordelen/ontdubbelen met Build Pack",""
"#45","Show the athlete who scheduled each training (coach vs Sparki)","CONCEPT_NIET_GESTART","","nee","","","","","beoordelen/ontdubbelen met Build Pack",""
"#46","Let a coach undo a training they adopted from Sparki's advice","CONCEPT_NIET_GESTART","","nee","","","","","beoordelen/ontdubbelen met Build Pack",""
"#47","Automatically test the coach plan-adoption flow so it can't silently break","CONCEPT_NIET_GESTART","","nee","","","","","beoordelen/ontdubbelen met Build Pack",""
"#51","Make onboarding land instantly instead of waiting on plan build","CONCEPT_NIET_GESTART","","nee","","","","","beoordelen/ontdubbelen met Build Pack",""
"#52","Show Sparki's curiosity loops and honest take on the Home screen too","CONCEPT_NIET_GESTART","","nee","","","","","beoordelen/ontdubbelen met Build Pack",""
"#53","Automatically catch it if the nightly health check ever stops working","CONCEPT_NIET_GESTART","","nee","","","","","beoordelen/ontdubbelen met Build Pack",""
"#57","Confirm exported routes navigate correctly on real Garmin/Wahoo devices","CONCEPT_NIET_GESTART","","nee","","","","","beoordelen/ontdubbelen met Build Pack",""
"#58","Let athletes export routes as Garmin FIT course files","CONCEPT_NIET_GESTART","","nee","","","","","beoordelen/ontdubbelen met Build Pack",""
"#64","Mark each climb on the route's elevation graph too","CONCEPT_NIET_GESTART","","nee","","","","","beoordelen/ontdubbelen met Build Pack",""
"#65","Tap a climb in the list to highlight it on the map","CONCEPT_NIET_GESTART","","nee","","","","","beoordelen/ontdubbelen met Build Pack",""
"#69","Let athletes upload a guide straight from their phone camera","CONCEPT_NIET_GESTART","","nee","","","","","beoordelen/ontdubbelen met Build Pack",""
"#70","Show analysed guides on the race agenda entry","CONCEPT_NIET_GESTART","","nee","","","","","beoordelen/ontdubbelen met Build Pack",""
"#71","Make sure Sparki never invents facts from a blurry guide","CONCEPT_NIET_GESTART","","nee","","","","","beoordelen/ontdubbelen met Build Pack",""
"#74","Let athletes fill in race course details so reports get sharper","CONCEPT_NIET_GESTART","","nee","","","","","beoordelen/ontdubbelen met Build Pack",""
"#75","Parse organiser race guides automatically to fill course details","CONCEPT_NIET_GESTART","","nee","","","","","beoordelen/ontdubbelen met Build Pack",""
"#76","Let Sparki read more file types (Word, Excel, GPX, CSV)","CONCEPT_NIET_GESTART","","nee","","","","","beoordelen/ontdubbelen met Build Pack",""
"#77","Let athletes delete items from their Sparki conversation","CONCEPT_NIET_GESTART","","nee","","","","","beoordelen/ontdubbelen met Build Pack",""
"#78","Make the Sparki tab open directly to the conversation","CONCEPT_NIET_GESTART","","nee","","","","","beoordelen/ontdubbelen met Build Pack",""
"#79","Automatically test the Materiaalcoach upload and privacy flow","CONCEPT_NIET_GESTART","","nee","","","","","beoordelen/ontdubbelen met Build Pack",""
"#82","Add an automatic check so the 'fill your data' card never disappears by accident","CONCEPT_NIET_GESTART","","nee","","","","","beoordelen/ontdubbelen met Build Pack",""
"#90","Show the predicted-vs-actual Core comparison after riders finish a session","CONCEPT_NIET_GESTART","","nee","","","","","beoordelen/ontdubbelen met Build Pack",""
"#111","Turn uploaded FIT/GPX files into real training sessions","CONCEPT_NIET_GESTART","","nee","","","","","beoordelen/ontdubbelen met Build Pack",""
"#112","Parse TCX and CSV activity files for real metrics","CONCEPT_NIET_GESTART","","nee","","","","","beoordelen/ontdubbelen met Build Pack",""
"#113","Turn on automatic reminders by scheduling the daily send","CONCEPT_NIET_GESTART","","nee","","","","","beoordelen/ontdubbelen met Build Pack",""
"#114","Verify a sending domain so reminders actually reach athletes by email","CONCEPT_NIET_GESTART","","nee","","","","","beoordelen/ontdubbelen met Build Pack",""
"#115","Let athletes set and change their home location after onboarding","CONCEPT_NIET_GESTART","","nee","","","","","beoordelen/ontdubbelen met Build Pack",""
"#116","Auto-scroll to the home-location input when arriving from the weather card","CONCEPT_NIET_GESTART","","nee","","","","","beoordelen/ontdubbelen met Build Pack",""
"#117","Automatically test that severe weather changes coach advice","CONCEPT_NIET_GESTART","","nee","","","","","beoordelen/ontdubbelen met Build Pack",""
"#125","Make sure no bad value can corrupt the rest of the athlete profile","CONCEPT_NIET_GESTART","","nee","","","","","beoordelen/ontdubbelen met Build Pack",""
"#128","Show athletes the single biggest thing holding their progress back","CONCEPT_NIET_GESTART","","nee","","","","","beoordelen/ontdubbelen met Build Pack",""
"#129","Make sure the growth-range estimate can never overpromise","CONCEPT_NIET_GESTART","","nee","","","","","beoordelen/ontdubbelen met Build Pack",""
"#135","Make sure the athlete's derived profile read can't silently break","CONCEPT_NIET_GESTART","","nee","","","","","beoordelen/ontdubbelen met Build Pack",""
"#136","Make sure the load-tolerance read can't silently fabricate a number","CONCEPT_NIET_GESTART","","nee","","","","","beoordelen/ontdubbelen met Build Pack",""
"#152","Stop the bell badge from showing more days than the bell can open","CONCEPT_NIET_GESTART","","nee","","","","","beoordelen/ontdubbelen met Build Pack",""
"#154","Make development and production databases match the app's data model","CONCEPT_NIET_GESTART","","nee","","","","","beoordelen/ontdubbelen met Build Pack",""
"#155","Confirm Sparki World athlete links keep working after future changes","CONCEPT_NIET_GESTART","","nee","","","","","beoordelen/ontdubbelen met Build Pack",""
"#156","Confirm the World feed also learns from likes and comments","CONCEPT_NIET_GESTART","","nee","","","","","beoordelen/ontdubbelen met Build Pack",""
"#157","Run all Sparki World checks together so feed regressions can't slip through","CONCEPT_NIET_GESTART","","nee","","","","","beoordelen/ontdubbelen met Build Pack",""
"#158","Bring hero athletes to life with real looping highlight clips","CONCEPT_NIET_GESTART","","nee","","","","","beoordelen/ontdubbelen met Build Pack",""
"#159","Make sure athlete profiles never show a broken video player","CONCEPT_NIET_GESTART","","nee","","","","","beoordelen/ontdubbelen met Build Pack",""
"#165","Toon de doelregel ook op de andere trainingsdag-schermen (rust, herstel, raceweek)","CONCEPT_NIET_GESTART","","nee","","","","","beoordelen/ontdubbelen met Build Pack",""
"#174","Make sure a connected platform's data is never re-asked during signup","CONCEPT_NIET_GESTART","","nee","","","","","beoordelen/ontdubbelen met Build Pack",""
"#178","Make sure the 'connected but no data' recovery nudge can't silently break","CONCEPT_NIET_GESTART","","nee","","","","","beoordelen/ontdubbelen met Build Pack",""
"#179","Tell athletes about a stuck data connection even when they skip the Today screen","CONCEPT_NIET_GESTART","","nee","","","","","beoordelen/ontdubbelen met Build Pack",""
"#180","Confirm Strava sends testers back into onboarding after they connect","CONCEPT_NIET_GESTART","","nee","","","","","beoordelen/ontdubbelen met Build Pack",""
"#193","Make sure a coach can't see an athlete's unreviewed or dismissed observations","CONCEPT_NIET_GESTART","","nee","","","","","beoordelen/ontdubbelen met Build Pack",""
"#196","Make sure a coach on 'summary' can never see raw daily metrics","CONCEPT_NIET_GESTART","","nee","","","","","beoordelen/ontdubbelen met Build Pack",""
"#197","Confirm a revoked parent link cuts off access the instant it's unlinked","CONCEPT_NIET_GESTART","","nee","","","","","beoordelen/ontdubbelen met Build Pack",""
"#201","Stop test checks from randomly failing when they run together","CONCEPT_NIET_GESTART","","nee","","","","","beoordelen/ontdubbelen met Build Pack",""
"#213","Make sure a saved phone ride shows up on the athlete's timeline right away","CONCEPT_NIET_GESTART","","nee","","","","","beoordelen/ontdubbelen met Build Pack",""
"#214","Don't lose a recorded ride if the app is killed mid-ride","CONCEPT_NIET_GESTART","","nee","","","","","beoordelen/ontdubbelen met Build Pack",""
"#215","Confirm background ride recording actually survives a locked screen","CONCEPT_NIET_GESTART","","nee","","","","","beoordelen/ontdubbelen met Build Pack",""
"#226","Extend the quality sweep to Profiel (Jij) and Activiteiten","CONCEPT_NIET_GESTART","","nee","","","","","beoordelen/ontdubbelen met Build Pack",""
"#227","Guarantee the 3-week plan grid shows the right day across timezones","CONCEPT_NIET_GESTART","","nee","","","","","beoordelen/ontdubbelen met Build Pack",""
"#229","Keep the test suite fast as it grows past the boot cap","CONCEPT_NIET_GESTART","","nee","","","","","beoordelen/ontdubbelen met Build Pack",""
"#230","Prove repeated environment restarts stay green over many runs","CONCEPT_NIET_GESTART","","nee","","","","","beoordelen/ontdubbelen met Build Pack",""
"#233","Let riders rename and note a ride from the mobile app","CONCEPT_NIET_GESTART","","nee","","","","","beoordelen/ontdubbelen met Build Pack",""
"#234","Make sure editing a ride's name and notes can't silently break","CONCEPT_NIET_GESTART","","nee","","","","","beoordelen/ontdubbelen met Build Pack",""
"#238","Make sure every mergeable ride field survives a Strava merge","CONCEPT_NIET_GESTART","","nee","","","","","beoordelen/ontdubbelen met Build Pack",""
"#239","Make sure the Mentaal coaching cues and preparation card can't silently break","CONCEPT_NIET_GESTART","","nee","","","","","beoordelen/ontdubbelen met Build Pack",""
"#247","Let athletes browse the training calendar forward and back","CONCEPT_NIET_GESTART","","nee","","","","","beoordelen/ontdubbelen met Build Pack",""
"#248","Confirm the plan feedback message can't silently break","CONCEPT_NIET_GESTART","","nee","","","","","beoordelen/ontdubbelen met Build Pack",""
"#251","Laat renners onderdelen aanvullen die de kennisbank nog niet kent","CONCEPT_NIET_GESTART","","nee","","","","","beoordelen/ontdubbelen met Build Pack",""
"#252","Herken onderdelen op een fietsfoto en laat de renner bevestigen","CONCEPT_NIET_GESTART","","nee","","","","","beoordelen/ontdubbelen met Build Pack",""
"#253","Voorkom dat garage-routes stilletjes breken bij toekomstige wijzigingen","CONCEPT_NIET_GESTART","","nee","","","","","beoordelen/ontdubbelen met Build Pack",""
"#256","Sensor die al op een fiets hangt met één tik naar een andere fiets verplaatsen","CONCEPT_NIET_GESTART","","nee","","","","","beoordelen/ontdubbelen met Build Pack",""
"#265","Toon de sensor-samenvatting ook bij een opgeslagen rit in de app","CONCEPT_NIET_GESTART","","nee","","","","","beoordelen/ontdubbelen met Build Pack",""
"#268","Voorkom dat de mobiele Vandaag/dashboard-data stilletjes breekt bij backend-wijzigingen","CONCEPT_NIET_GESTART","","nee","","","","","beoordelen/ontdubbelen met Build Pack",""
"#273","Rijd een opgeslagen rit-route direct opnieuw met navigatie","CONCEPT_NIET_GESTART","","nee","","","","","beoordelen/ontdubbelen met Build Pack",""
"#274","Voorkom dubbele routes bij twee keer opslaan van dezelfde rit","CONCEPT_NIET_GESTART","","nee","","","","","beoordelen/ontdubbelen met Build Pack",""
"#275","Bewaak dat rit-naar-route opslaan niet stilletjes kapot gaat","CONCEPT_NIET_GESTART","","nee","","","","","beoordelen/ontdubbelen met Build Pack",""
"#276","Toon de kaart ook bij ritten uit FIT- en TCX-bestanden","CONCEPT_NIET_GESTART","","nee","","","","","beoordelen/ontdubbelen met Build Pack",""
"#279","Toon ook snelheid of vermogen bij het slepen over het hoogteprofiel","CONCEPT_NIET_GESTART","","nee","","","","","beoordelen/ontdubbelen met Build Pack",""
"#299","Make sure low-confidence recovery labels stay honest after a code change","CONCEPT_NIET_GESTART","","nee","","","","","beoordelen/ontdubbelen met Build Pack",""
"#300","Catch a missing signal label before it reaches the user","CONCEPT_NIET_GESTART","","nee","","","","","beoordelen/ontdubbelen met Build Pack",""
"#304","Catch a broken route enrichment flow before it ships","CONCEPT_NIET_GESTART","","nee","","","","","beoordelen/ontdubbelen met Build Pack",""
"#305","Tell athletes when a training route couldn't be generated","CONCEPT_NIET_GESTART","","nee","","","","","beoordelen/ontdubbelen met Build Pack",""
"#306","Catch a slow interval-training route before it reaches athletes","CONCEPT_NIET_GESTART","","nee","","","","","beoordelen/ontdubbelen met Build Pack",""
"#317","Toon de wizard-herkomst ook op oudere races zonder opgeslagen bronkaart","CONCEPT_NIET_GESTART","","nee","","","","","beoordelen/ontdubbelen met Build Pack",""
"#318","Automatisch bewijzen dat race-bewerken via de wizard geen velden wist","CONCEPT_NIET_GESTART","","nee","","","","","beoordelen/ontdubbelen met Build Pack",""
"#319","Confirm a calendar-imported race flows through the wizard without losing fields","CONCEPT_NIET_GESTART","","nee","","","","","beoordelen/ontdubbelen met Build Pack",""
"#324","Laat je Ontdekken-voorkeuren meereizen naar je andere apparaten","CONCEPT_NIET_GESTART","","nee","","","","","beoordelen/ontdubbelen met Build Pack",""
"#325","Voorkom dat oude interesses de Ontdekken-feed blijven sturen","CONCEPT_NIET_GESTART","","nee","","","","","beoordelen/ontdubbelen met Build Pack",""
"#326","Geef bewaarde Ontdekken-items een eigen overzichtsplek","CONCEPT_NIET_GESTART","","nee","","","","","beoordelen/ontdubbelen met Build Pack",""
"#327","Zorg dat feedvoorkeuren-sync nooit stilletjes voorkeuren kan kwijtraken","CONCEPT_NIET_GESTART","","nee","","","","","beoordelen/ontdubbelen met Build Pack",""
"#330","Voorkom dat een klimdetail ooit anders gelabeld wordt dan de zoeklijst","CONCEPT_NIET_GESTART","","nee","","","","","beoordelen/ontdubbelen met Build Pack",""
"#331","Vang het klimwegprofiel (Cauberg) automatisch af tegen stille regressies","CONCEPT_NIET_GESTART","","nee","","","","","beoordelen/ontdubbelen met Build Pack",""
"#334","Herken jouw eigen materiaal ook in de garage-nieuwslijst (Mechanieker-ontwikkelingen)","CONCEPT_NIET_GESTART","","nee","","","","","beoordelen/ontdubbelen met Build Pack",""
"#339","Voorkom dat de werkmap opnieuw volloopt richting de publiceer-limiet","CONCEPT_NIET_GESTART","","nee","","","","","beoordelen/ontdubbelen met Build Pack",""
"#344","Verwijder de tijdelijke opschoningstak van GitHub na de geschiedenis-rewrite","CONCEPT_NIET_GESTART","","nee","","","","","beoordelen/ontdubbelen met Build Pack",""
"#347","Zorg dat deep-links naar Jij-tabbladen (/you?tab=kompas) altijd goed landen","CONCEPT_NIET_GESTART","","nee","","","","","beoordelen/ontdubbelen met Build Pack",""
"#348","Onthoud welk Jij-tabblad je bekeek na het sluiten van de app","CONCEPT_NIET_GESTART","","nee","","","","","beoordelen/ontdubbelen met Build Pack",""
"#355","Voorkom dat grote export-zips opnieuw stilletjes in de projectgeschiedenis belanden","CONCEPT_NIET_GESTART","","nee","","","","","beoordelen/ontdubbelen met Build Pack",""
"#357","Vang ook type-fouten in de mobiele app na een merge (niet alleen ontbrekende pakketten)","CONCEPT_NIET_GESTART","","nee","","","","","beoordelen/ontdubbelen met Build Pack",""
"#360","Bewijs dat de echte plangenerator drukke periodes ook echt vrijhoudt","CONCEPT_NIET_GESTART","","nee","","","","","beoordelen/ontdubbelen met Build Pack",""
"#361","Zorg dat snel verkorten/verplaatsen vanaf de dagkaart niet stilletjes kapot kan","CONCEPT_NIET_GESTART","","nee","","","","","beoordelen/ontdubbelen met Build Pack",""
"#363","Voorkom dat de nieuwe routebibliotheek crasht door ontbrekende databasetabellen","CONCEPT_NIET_GESTART","","nee","","","","","beoordelen/ontdubbelen met Build Pack",""
"#367","Laat een vervangen route in de app eerlijk doorverwijzen naar zijn opvolger","CONCEPT_NIET_GESTART","","nee","","","","","beoordelen/ontdubbelen met Build Pack",""
"#368","Voorkom dat één gebied eindeloos ORS-quota opstookt aan vervangingen","CONCEPT_NIET_GESTART","","nee","","","","","beoordelen/ontdubbelen met Build Pack",""
"#369","Vul drukbevolkte gebieden op de kaart als eerste","CONCEPT_NIET_GESTART","","nee","","","","","beoordelen/ontdubbelen met Build Pack",""
"#370","Bewijs automatisch dat de nachtelijke kaart-vulling nooit het ORS-budget overschrijdt","CONCEPT_NIET_GESTART","","nee","","","","","beoordelen/ontdubbelen met Build Pack",""
"#373","Bewijs automatisch dat routes na de warm-up op volledige omgevingsdata kiezen","CONCEPT_NIET_GESTART","","nee","","","","","beoordelen/ontdubbelen met Build Pack",""
"#374","Maak de omgevings-cache warm-up herstartbestendig (overleeft een server-restart)","CONCEPT_NIET_GESTART","","nee","","","","","beoordelen/ontdubbelen met Build Pack",""
"#375","Fix falende publicatie: deploy-image onder 8 GiB","CONCEPT_NIET_GESTART","","nee","","","","","beoordelen/ontdubbelen met Build Pack",""
"#379","Sluit de echte Stripe-testsleutels aan en doorloop de betaalflow live","CONCEPT_NIET_GESTART","","nee","","","WP-A06B (Stripe live-test, wacht op akkoord)","","beoordelen/ontdubbelen met Build Pack",""
"#380","Vul de tier-rechten (GO/COMPLETE) met de echte feature-verdeling","CONCEPT_NIET_GESTART","","nee","","","","","beoordelen/ontdubbelen met Build Pack",""
"#381","Zorg dat de productiedatabase de nieuwe abonnementstabellen kent vóór livegang","CONCEPT_NIET_GESTART","","nee","","","","","beoordelen/ontdubbelen met Build Pack",""
"#386","Herstel de kapotte systeemmodus-check die de codecontrole rood laat kleuren","CONCEPT_NIET_GESTART","","nee","","","","","beoordelen/ontdubbelen met Build Pack",""
"#388","Laat chatonderwerpen met Sparki eerlijk meetellen in de mentale beoordeling","CONCEPT_NIET_GESTART","","nee","","","","","beoordelen/ontdubbelen met Build Pack",""
"#389","Maak de systeemmodus-controle weer groen zodat stille regressies opvallen","CONCEPT_NIET_GESTART","","nee","","","","","beoordelen/ontdubbelen met Build Pack",""
"#392","Laat sporters ook race-advies en materiaaladvies met sterren beoordelen","CONCEPT_NIET_GESTART","","nee","","","","","beoordelen/ontdubbelen met Build Pack",""
"#393","Bevestig dat de herberekening van 182 belastingscores correct is aangekomen","CONCEPT_NIET_GESTART","","nee","","","","","beoordelen/ontdubbelen met Build Pack",""
"#394","Voorkom dat een handmatig ingevoerde FTP-notitie het achterhaald-filter opnieuw omzeilt","CONCEPT_NIET_GESTART","","nee","","","","","beoordelen/ontdubbelen met Build Pack",""
"#399","Bevestig productie-her-telling na opschoning (verwacht: 38 actieve observaties)","CONCEPT_NIET_GESTART","","nee","","","WP-A02 (verificatie)","","beoordelen/ontdubbelen met Build Pack",""
"#400","Zorg dat de systeemmodus-test niet opnieuw ongemerkt rood kan worden","CONCEPT_NIET_GESTART","","nee","","","","","beoordelen/ontdubbelen met Build Pack",""
"#401","Laat ook de kleine Go-meldingen op Home doorklikken naar de upgrade","CONCEPT_NIET_GESTART","","nee","","","","","beoordelen/ontdubbelen met Build Pack",""
"#403","Vang merge-schade ook op de admin-gebruikers- en sync-diagnoseschermen","CONCEPT_NIET_GESTART","","nee","","","","","beoordelen/ontdubbelen met Build Pack",""
"#1","Migrate from vercel to Replit","AFGEROND_EN_GEMERGED","","ja","","","","","geen",""
"#3","Day-type homepage engine + core days","AFGEROND_EN_GEMERGED","","ja","","","","","geen",""
"#4","Race week, race-day modes & planners","AFGEROND_EN_GEMERGED","","ja","","","","","geen",""
"#10","Smart AI route generator","AFGEROND_EN_GEMERGED","","ja","","","","","geen",""
"#11","Sparki knowledge base","AFGEROND_EN_GEMERGED","","ja","","","","","geen",""
"#12","Download generated routes as GPX for your bike computer","AFGEROND_EN_GEMERGED","","ja","","","","","geen",""
"#13","Show saved routes attached to each planned training","AFGEROND_EN_GEMERGED","","ja","","","","","geen",""
"#17","Autonomous training schedule","AFGEROND_EN_GEMERGED","","ja","","","","","geen",""
"#18","Phased adaptive onboarding","AFGEROND_EN_GEMERGED","","ja","","","","","geen",""
"#19","Tester QR onboarding access","AFGEROND_EN_GEMERGED","","ja","","","","","geen",""
"#20","Let athletes set their home location on a map for better auto-routes","AFGEROND_EN_GEMERGED","","ja","","","","","geen",""
"#21","Automatically refresh the training plan as recovery and races change","AFGEROND_EN_GEMERGED","","ja","","","","","geen",""
"#22","Show the coach their athlete's Sparki advisory plan in the coach portal","AFGEROND_EN_GEMERGED","","ja","","","","","geen",""
"#23","Store the full route shape so any uploaded GPX can be re-exported","AFGEROND_EN_GEMERGED","","ja","","","","","geen",""
"#24","Export routes in the Garmin/Wahoo course format with turn prompts","AFGEROND_EN_GEMERGED","","ja","","","","","geen",""
"#32","Engine foundation, data model & test plan","AFGEROND_EN_GEMERGED","","ja","","","","","geen",""
"#33","Implement & complete the 8 core engines","AFGEROND_EN_GEMERGED","","ja","","","","","geen",""
"#34","Wire UI to engines (no placeholders)","AFGEROND_EN_GEMERGED","","ja","","","","","geen",""
"#35","Let the coach turn Sparki's advice into their own plan with one tap","AFGEROND_EN_GEMERGED","","ja","","","","","geen",""
"#38","Admin Dashboard & automated Health Check engine","AFGEROND_EN_GEMERGED","","ja","","","","","geen",""
"#42","Run the health check automatically every night","AFGEROND_EN_GEMERGED","","ja","","","","","geen",""
"#48","Export routes as Garmin/Wahoo course files for rock-solid turn-by-turn","AFGEROND_EN_GEMERGED","","ja","","","","","geen",""
"#49","Flag climbs and key points on exported routes as named course points","AFGEROND_EN_GEMERGED","","ja","","","","","geen",""
"#50","Sparki Onboarding V2","AFGEROND_EN_GEMERGED","","ja","","","","","geen",""
"#54","Show climbs and key points on the route detail screen","AFGEROND_EN_GEMERGED","","ja","","","","","geen",""
"#55","Observation & coach engine V1 (+ 25 virtual athletes)","AFGEROND_EN_GEMERGED","","ja","","","","","geen",""
"#56","Coach analysis & explainable advice in the app","AFGEROND_EN_GEMERGED","","ja","","","","","geen",""
"#59","Eén centrale plek waar sporters foto's, PDF's en vragen aan Sparki geven","AFGEROND_EN_GEMERGED","","ja","","","","","geen",""
"#60","Sparki leest wedstrijd- en technische gidsen en haalt er automatisch de kerninfo uit","AFGEROND_EN_GEMERGED","","ja","","","","","geen",""
"#61","Sparki bereidt sporters dagenlang vóór een wedstrijd stap voor stap voor","AFGEROND_EN_GEMERGED","","ja","","","","","geen",""
"#62","Sparki analyseert materiaalfoto's en geeft eerlijk advies met kosteninschatting","AFGEROND_EN_GEMERGED","","ja","","","","","geen",""
"#63","Mark each climb's summit on the route map","AFGEROND_EN_GEMERGED","","ja","","","","","geen",""
"#72","Let Sparki notice worn equipment from your training data","AFGEROND_EN_GEMERGED","","ja","","","","","geen",""
"#73","Verify Materiaalcoach photo analysis with automated tests","AFGEROND_EN_GEMERGED","","ja","","","","","geen",""
"#83","Prove Sparki coaches each athlete type differently (Adaptive Coach Engine V1)","AFGEROND_EN_GEMERGED","","ja","","","","","geen",""
"#88","Replace the Core's X/Y cross with a smart-screen grid backdrop","AFGEROND_EN_GEMERGED","","ja","","","","","geen",""
"#89","Core-voorspelpaneel boven elke training","AFGEROND_EN_GEMERGED","","ja","","","","","geen",""
"#91","Race Intelligence Engine — central intelligence layer","AFGEROND_EN_GEMERGED","","ja","","","","","geen",""
"#92","Let admins review and act on tester feedback in one place","AFGEROND_EN_GEMERGED","","ja","","","","","geen",""
"#94","Tell testers when their report is picked up or resolved","AFGEROND_EN_GEMERGED","","ja","","","","","geen",""
"#95","Automatically test the admin feedback inbox so triage can't silently break","AFGEROND_EN_GEMERGED","","ja","","","","","geen",""
"#96","Performance Intelligence Hub","AFGEROND_EN_GEMERGED","","ja","","","","","geen",""
"#99","Let testers reply or add details to a report after submitting","AFGEROND_EN_GEMERGED","","ja","","","","","geen",""
"#107","FIT-import: vermogen & hartslag uit trainingsbestanden","AFGEROND_EN_GEMERGED","","ja","","","","","geen",""
"#108","Weer in dagelijks & coach-advies","AFGEROND_EN_GEMERGED","","ja","","","","","geen",""
"#109","Echte herinneringen versturen (e-mail)","AFGEROND_EN_GEMERGED","","ja","","","","","geen",""
"#110","Neutralere taal i.p.v. 'Sparki ziet/denkt'","AFGEROND_EN_GEMERGED","","ja","","","","","geen",""
"#118","Show the same per-ride analysis when opening a ride from Trainen","AFGEROND_EN_GEMERGED","","ja","","","","","geen",""
"#119","Make sure the per-ride load analysis can't silently show wrong or fabricated context","AFGEROND_EN_GEMERGED","","ja","","","","","geen",""
"#121","Nudges voor ontbrekende profielgegevens (push naar telefoon/horloge)","AFGEROND_EN_GEMERGED","","ja","","","","","geen",""
"#122","Show athletes their realistic growth range, not just a single number","AFGEROND_EN_GEMERGED","","ja","","","","","geen",""
"#123","Tell athletes which single thing is holding their development back","AFGEROND_EN_GEMERGED","","ja","","","","","geen",""
"#124","Guarantee the development goal can be saved, cleared, and never corrupted","AFGEROND_EN_GEMERGED","","ja","","","","","geen",""
"#126","Show athletes their biggest development limiter on the Home screen too","AFGEROND_EN_GEMERGED","","ja","","","","","geen",""
"#127","Lock in the development-limiter logic so its ranking can't silently break","AFGEROND_EN_GEMERGED","","ja","","","","","geen",""
"#130","Make sure the FTP growth-range forecast can't silently produce wrong numbers","AFGEROND_EN_GEMERGED","","ja","","","","","geen",""
"#131","Make sure no Core insight is ever duplicated or lost across the profile lenses","AFGEROND_EN_GEMERGED","","ja","","","","","geen",""
"#132","Keep the Home development-limiter card and Core page in sync automatically","AFGEROND_EN_GEMERGED","","ja","","","","","geen",""
"#133","Make sure a rider's goal correctly reshuffles their top development limiter","AFGEROND_EN_GEMERGED","","ja","","","","","geen",""
"#134","Make sure a rider's goal also reshapes their honest growth range","AFGEROND_EN_GEMERGED","","ja","","","","","geen",""
"#137","Make sure the /you 'evolution' trends can't silently show wrong direction","AFGEROND_EN_GEMERGED","","ja","","","","","geen",""
"#139","Inzichten: grafiek-eerst, minder tekst","AFGEROND_EN_GEMERGED","","ja","","","","","geen",""
"#140","Catch insight-card regressions on Vandaag and Inzichten too","AFGEROND_EN_GEMERGED","","ja","","","","","geen",""
"#141","Make sure expert reads in /train show their supporting evidence","AFGEROND_EN_GEMERGED","","ja","","","","","geen",""
"#142","Keep insight cards from silently regressing to noisy duplicates","AFGEROND_EN_GEMERGED","","ja","","","","","geen",""
"#144","Adaptieve Virtual Athletes","AFGEROND_EN_GEMERGED","","ja","","","","","geen",""
"#145","Combine in-app notifications into one per day","AFGEROND_EN_GEMERGED","","ja","","","","","geen",""
"#146","Show athlete career timelines with their own shareable page","AFGEROND_EN_GEMERGED","","ja","","","","","geen",""
"#147","Let athletes appear in a short looping highlight video","AFGEROND_EN_GEMERGED","","ja","","","","","geen",""
"#148","Confirm the personalized feed keeps learning as testers use it","AFGEROND_EN_GEMERGED","","ja","","","","","geen",""
"#149","Confirm the daily notification fold can't silently break","AFGEROND_EN_GEMERGED","","ja","","","","","geen",""
"#150","Make sure the notification badge count can't disagree with the bell","AFGEROND_EN_GEMERGED","","ja","","","","","geen",""
"#151","Confirm marking a day read clears the whole day's notifications","AFGEROND_EN_GEMERGED","","ja","","","","","geen",""
"#160","Doelen-engine: meerjarige doelen met dagelijkse bewaking","AFGEROND_EN_GEMERGED","","ja","","","","","geen",""
"#161","Doelen ook laten meesturen in het dagelijkse coach-advies op Vandaag","AFGEROND_EN_GEMERGED","","ja","","","","","geen",""
"#162","Maandelijkse doelen-check automatisch laten draaien als geplande taak","AFGEROND_EN_GEMERGED","","ja","","","","","geen",""
"#164","Laat de gezondheidscheck zien of de maandelijkse doelen-review echt gedraaid heeft","AFGEROND_EN_GEMERGED","","ja","","","","","geen",""
"#166","Waarschuw als een geplande taak nooit als Scheduled Deployment is aangemaakt","AFGEROND_EN_GEMERGED","","ja","","","","","geen",""
"#167","Automatically test the scheduled-tasks overview so it can't silently break","AFGEROND_EN_GEMERGED","","ja","","","","","geen",""
"#169","Interactief trainingsschema","AFGEROND_EN_GEMERGED","","ja","","","","","geen",""
"#170","Verplichte koppelstap in onboarding","AFGEROND_EN_GEMERGED","","ja","","","","","geen",""
"#171","Make sure the training feedback → adjustment flow can't silently break","AFGEROND_EN_GEMERGED","","ja","","","","","geen",""
"#172","Confirm new athletes can't get stuck at the connect step","AFGEROND_EN_GEMERGED","","ja","","","","","geen",""
"#173","Auto-import real data the moment an athlete connects during onboarding","AFGEROND_EN_GEMERGED","","ja","","","","","geen",""
"#175","Confirm connecting Strava during onboarding really removes fields from the gap-fill","AFGEROND_EN_GEMERGED","","ja","","","","","geen",""
"#176","Make a failed first Strava import visible and recoverable on the Today screen","AFGEROND_EN_GEMERGED","","ja","","","","","geen",""
"#177","Make sure onboarding resumes at the right step after returning from Strava","AFGEROND_EN_GEMERGED","","ja","","","","","geen",""
"#181","Make sure a rejected Sparki proposal never quietly changes the plan","AFGEROND_EN_GEMERGED","","ja","","","","","geen",""
"#182","Guarantee one athlete can never adjust another athlete's workout","AFGEROND_EN_GEMERGED","","ja","","","","","geen",""
"#183","Make sure no athlete can read or change another athlete's data anywhere","AFGEROND_EN_GEMERGED","","ja","","","","","geen",""
"#184","Make athlete B unable to touch A's activity imports, session logs, and metrics","AFGEROND_EN_GEMERGED","","ja","","","","","geen",""
"#185","Stop non-owners getting a misleading 'success' when deleting someone else's nutrition log","AFGEROND_EN_GEMERGED","","ja","","","","","geen",""
"#186","Make sure a coach or parent can only reach athletes they're actually linked to","AFGEROND_EN_GEMERGED","","ja","","","","","geen",""
"#187","Make sure a coach/parent loses access the moment a link is revoked","AFGEROND_EN_GEMERGED","","ja","","","","","geen",""
"#188","Confirm privacy sharing levels actually limit what a linked coach/parent can see","AFGEROND_EN_GEMERGED","","ja","","","","","geen",""
"#189","Confirm an athlete who shares nothing stays private from a linked coach","AFGEROND_EN_GEMERGED","","ja","","","","","geen",""
"#190","Make sure the unlink button only removes your own coach/parent link","AFGEROND_EN_GEMERGED","","ja","","","","","geen",""
"#191","Make sure a private note an athlete marked 'don't share' never reaches a coach or parent","AFGEROND_EN_GEMERGED","","ja","","","","","geen",""
"#192","Make sure a coach or parent never sees an athlete's raw private words","AFGEROND_EN_GEMERGED","","ja","","","","","geen",""
"#194","Warn athletes when unlinking a coach or parent that couldn't be removed","AFGEROND_EN_GEMERGED","","ja","","","","","geen",""
"#195","Make sure a coach or parent can also end a link from their side","AFGEROND_EN_GEMERGED","","ja","","","","","geen",""
"#198","Opruimen subrepl git-remotes en branches","AFGEROND_EN_GEMERGED","","ja","","","","","geen",""
"#199","Make sure publishing can't silently break on the health check again","AFGEROND_EN_GEMERGED","","ja","","","","","geen",""
"#203","Fase 2 — De aandachtswet","AFGEROND_EN_GEMERGED","","ja","","","","","geen",""
"#204","Let riders record and save a ride from the phone","AFGEROND_EN_GEMERGED","","ja","","","","","geen",""
"#205","Confirm turn-by-turn navigation works on a real phone","AFGEROND_EN_GEMERGED","","ja","","","","","geen",""
"#208","Keep recording a ride even when the screen locks or the app is backgrounded","AFGEROND_EN_GEMERGED","","ja","","","","","geen",""
"#209","Let riders record a free ride without picking a route first","AFGEROND_EN_GEMERGED","","ja","","","","","geen",""
"#210","Make sure a saved phone ride always becomes a real training session","AFGEROND_EN_GEMERGED","","ja","","","","","geen",""
"#211","Let riders name and add notes to a recorded free ride","AFGEROND_EN_GEMERGED","","ja","","","","","geen",""
"#212","Keep recording a ride when the phone screen locks or the app backgrounds","AFGEROND_EN_GEMERGED","","ja","","","","","geen",""
"#217","Don't lose a ride if the app is killed mid-ride","AFGEROND_EN_GEMERGED","","ja","","","","","geen",""
"#218","Let riders rename or add notes to a saved ride afterwards","AFGEROND_EN_GEMERGED","","ja","","","","","geen",""
"#219","Make sure a rider's ride note survives a merge with a Strava import","AFGEROND_EN_GEMERGED","","ja","","","","","geen",""
"#220","Let riders recover a killed ride from the turn-by-turn navigate screen too","AFGEROND_EN_GEMERGED","","ja","","","","","geen",""
"#221","Make sure a killed ride is never silently lost","AFGEROND_EN_GEMERGED","","ja","","","","","geen",""
"#224","Kwaliteitsronde: Vandaag & Trainen","AFGEROND_EN_GEMERGED","","ja","","","","","geen",""
"#225","App-herindeling: hoofdmenu met 9 hoofdstukken","AFGEROND_EN_GEMERGED","","ja","","","","","geen",""
"#228","Stabiliseer test-workflows tegen resource-race bij opstarten","AFGEROND_EN_GEMERGED","","ja","","","","","geen",""
"#231","Make sure every chapter is reachable on real accounts (coach & parent too)","AFGEROND_EN_GEMERGED","","ja","","","","","geen",""
"#232","Give the new Lichaam Mentaal section real functionality","AFGEROND_EN_GEMERGED","","ja","","","","","geen",""
"#235","Let athletes note how a training felt mentally, not just physically","AFGEROND_EN_GEMERGED","","ja","","","","","geen",""
"#236","Make sure the Mentaal section can't silently break","AFGEROND_EN_GEMERGED","","ja","","","","","geen",""
"#237","Make sure a rider's ride title survives a Strava merge too","AFGEROND_EN_GEMERGED","","ja","","","","","geen",""
"#245","Give feedback when ""Pas mijn plan aan"" runs","AFGEROND_EN_GEMERGED","","ja","","","","","geen",""
"#246","Zoekbare klimmenverkenner met omschrijvingen","AFGEROND_EN_GEMERGED","","ja","","","","","geen",""
"#249","Mechanieker: Fietsengarage & upgrade-advies","AFGEROND_EN_GEMERGED","","ja","","","","","geen",""
"#250","Mechanieker: Bluetooth-onderdelen per fiets","AFGEROND_EN_GEMERGED","","ja","","","","","geen",""
"#254","Losse sensor met één tik aan een fiets kunnen hangen","AFGEROND_EN_GEMERGED","","ja","","","","","geen",""
"#255","Sensoren ook live uitlezen in de mobiele app tijdens een rit","AFGEROND_EN_GEMERGED","","ja","","","","","geen",""
"#257","Voorkom dat de Fietsengarage stilletjes kapot gaat bij het koppelen van sensoren","AFGEROND_EN_GEMERGED","","ja","","","","","geen",""
"#258","Neem wattage, hartslag en cadans ook echt op in het opgeslagen ritbestand","AFGEROND_EN_GEMERGED","","ja","","","","","geen",""
"#260","Toon live sensorwaarden terug in het ritdetail na opslaan","AFGEROND_EN_GEMERGED","","ja","","","","","geen",""
"#261","Voorkom dat een crash tijdens een sensorrit de gemeten waarden verliest","AFGEROND_EN_GEMERGED","","ja","","","","","geen",""
"#262","Laat een herstelde rit ook de naam/notitie-check doorlopen voor het opslaan","AFGEROND_EN_GEMERGED","","ja","","","","","geen",""
"#263","Toon gemeten sensorwaarden ook bij eerdere ritten in de trainingslijst","AFGEROND_EN_GEMERGED","","ja","","","","","geen",""
"#264","Controleer dat de sensor-samenvatting klopt met wat in het GPX-bestand belandt","AFGEROND_EN_GEMERGED","","ja","","","","","geen",""
"#266","Open een rit uit de lijst voor een detailweergave met kaart","AFGEROND_EN_GEMERGED","","ja","","","","","geen",""
"#267","Voorkom dat de ritlijst stilletjes breekt als het backend-antwoord verandert","AFGEROND_EN_GEMERGED","","ja","","","","","geen",""
"#270","Bekijk het hoogteprofiel van een gereden rit in het detailscherm","AFGEROND_EN_GEMERGED","","ja","","","","","geen",""
"#271","Sla een gereden rit vanuit het detailscherm op als herbruikbare route","AFGEROND_EN_GEMERGED","","ja","","","","","geen",""
"#272","Automatisch bewaken dat het rit-detail met kaartdata blijft werken","AFGEROND_EN_GEMERGED","","ja","","","","","geen",""
"#277","Tik op het hoogteprofiel om de hoogte op elk punt van de rit te zien","AFGEROND_EN_GEMERGED","","ja","","","","","geen",""
"#278","Voorkom dat het hoogteprofiel van een rit stilletjes uit de app verdwijnt","AFGEROND_EN_GEMERGED","","ja","","","","","geen",""
"#280","Zorg dat het hoogteprofiel al bij het inlezen van een rit correct wordt opgeslagen","AFGEROND_EN_GEMERGED","","ja","","","","","geen",""
"#281","Zorg dat het hoogteprofiel van FIT- en TCX-ritten niet stilletjes kan verdwijnen","AFGEROND_EN_GEMERGED","","ja","","","","","geen",""
"#285","Gegevens-opschoning vooraf invullen met eigen Clerk-ID","AFGEROND_EN_GEMERGED","","ja","","","","","geen",""
"#286","Vul ook het Gegevensvertrouwen-inspectieveld vooraf in met je eigen account","AFGEROND_EN_GEMERGED","","ja","","","","","geen",""
"#287","Zorg dat het vooraf ingevulde eigen account op de adminpagina niet stilletjes kan breken","AFGEROND_EN_GEMERGED","","ja","","","","","geen",""
"#288","Voorkom dat de hele adminpagina stilletjes kapot gaat na een refactor","AFGEROND_EN_GEMERGED","","ja","","","","","geen",""
"#292","Ruim de laatste losse kleurcodes en ✓-tekens op zodat de huisstijl overal klopt","AFGEROND_EN_GEMERGED","","ja","","","","","geen",""
"#294","Make sure adding a training never silently fails or disappears without confirmation","AFGEROND_EN_GEMERGED","","ja","","","","","geen",""
"#297","Voorkom dat nieuwe signaalsoorten ooit als technische code zichtbaar worden","AFGEROND_EN_GEMERGED","","ja","","","","","geen",""
"#298","Toon ook op de Jij-pagina geen stellige herstelstatus bij weinig data","AFGEROND_EN_GEMERGED","","ja","","","","","geen",""
"#301","Confirm route generation stays fast after a code change","AFGEROND_EN_GEMERGED","","ja","","","","","geen",""
"#302","Stop the route rationale from going silent when ORS is rate-limited","AFGEROND_EN_GEMERGED","","ja","","","","","geen",""
"#303","Cache identical route requests so repeat taps never hit ORS twice","AFGEROND_EN_GEMERGED","","ja","","","","","geen",""
"#314","Automatically confirm the race wizard actually saves a race end-to-end","AFGEROND_EN_GEMERGED","","ja","","","","","geen",""
"#315","Let athletes edit their race after saving it using the same guided wizard","AFGEROND_EN_GEMERGED","","ja","","","","","geen",""
"#316","Prevent a wrong wizard proposal when the athlete has no experience level set","AFGEROND_EN_GEMERGED","","ja","","","","","geen",""
"#320","Herstel de Vandaag-paginatest die nu al faalt","AFGEROND_EN_GEMERGED","","ja","","","","","geen",""
"#321","Controleer dat kale schermen (onboarding, tester-welkom, wedstrijd-room) er goed uitzien na de shell-unificatie","AFGEROND_EN_GEMERGED","","ja","","","","","geen",""
"#322","Bewaarde items en 'minder hiervan' meenemen naar al je apparaten","AFGEROND_EN_GEMERGED","","ja","","","","","geen",""
"#323","Laat de Ontdekken-feed leren van wat je echt opent en bewaart","AFGEROND_EN_GEMERGED","","ja","","","","","geen",""
"#328","Toon het échte klimprofiel van klimwegen zoals de Cauberg (nu te lang en te vlak)","AFGEROND_EN_GEMERGED","","ja","","","","","geen",""
"#329","Vang stille regressies in de klimmen-zoekfunctie automatisch af","AFGEROND_EN_GEMERGED","","ja","","","","","geen",""
"#332","Laat de Fietsscan-knop direct bij de scan uitkomen, niet bovenaan Mechanieker","AFGEROND_EN_GEMERGED","","ja","","","","","geen",""
"#333","Maak materiaalnieuws persoonlijk: herken nieuws over jouw eigen fiets en onderdelen","AFGEROND_EN_GEMERGED","","ja","","","","","geen",""
"#335","Zorg dat het naslagwerk van een andere sporter nooit in jouw adviezen kan lekken","AFGEROND_EN_GEMERGED","","ja","","","","","geen",""
"#336","Maak de projectgeschiedenis blijvend licht zodat publiceren niet opnieuw tegen de limiet loopt","AFGEROND_EN_GEMERGED","","ja","","","","","geen",""
"#337","Waarschuw automatisch vóórdat de app te groot wordt om te publiceren","AFGEROND_EN_GEMERGED","","ja","","","","","geen",""
"#338","Ruim de zware export-zips en git-historie op zodat publiceren ruim binnen de limiet blijft","AFGEROND_EN_GEMERGED","","ja","","","","","geen",""
"#340","Maak de klimmenzoektocht merkbaar sneller (resultaten onthouden per gebied)","AFGEROND_EN_GEMERGED","","ja","","","","","geen",""
"#341","Voorkom dat de klimmen-cache eindeloos groeit in de database","AFGEROND_EN_GEMERGED","","ja","","","","","geen",""
"#342","Zorg dat een cache-hit in de Klimmenverkenner nooit stiekem verouderde data kan tonen","AFGEROND_EN_GEMERGED","","ja","","","","","geen",""
"#343","Make sure the climb-cache cleanup can't silently stop working","AFGEROND_EN_GEMERGED","","ja","","","","","geen",""
"#345","Bewaak dat deep-links naar Routes-tabbladen altijd goed blijven landen","AFGEROND_EN_GEMERGED","","ja","","","","","geen",""
"#346","Geef ook het Jij-hoofdstuk de nieuwe tabbalk als René dat wil","AFGEROND_EN_GEMERGED","","ja","","","","","geen",""
"#349","Maak ook de lokale projectmap echt licht zodat publiceren onder de limiet blijft","AFGEROND_EN_GEMERGED","","ja","","","","","geen",""
"#350","Waarschuw vroeg als de projectmap weer richting de publiceerlimiet groeit","AFGEROND_EN_GEMERGED","","ja","","","","","geen",""
"#351","Ruim de weer gegroeide .git-map op vóór de volgende publicatie","AFGEROND_EN_GEMERGED","","ja","","","","","geen",""
"#352","Verwijder de audit-zip (0,5 GB) zodra je hem veilig hebt gedownload","AFGEROND_EN_GEMERGED","","ja","","","","","geen",""
"#353","Vang het direct af als een merge een pakket weghaalt dat de app nog nodig heeft","AFGEROND_EN_GEMERGED","","ja","","","","","geen",""
"#354","Vang ook kapotte imports in de mobiele app direct na een merge","AFGEROND_EN_GEMERGED","","ja","","","","","geen",""
"#356","Maak van /plan één professioneel, adaptief trainingsplan met wizard en doelkaart","AFGEROND_EN_GEMERGED","","ja","","","","","geen",""
"#358","Laat een training verkorten of verplaatsen direct vanuit de dagkaart","AFGEROND_EN_GEMERGED","","ja","","","","","geen",""
"#359","Controleer dat de plan-wizard van vraag tot gebouwd plan blijft werken","AFGEROND_EN_GEMERGED","","ja","","","","","geen",""
"#362","Maak de plandagkaart-controles weer betrouwbaar groen na de merge","AFGEROND_EN_GEMERGED","","ja","","","","","geen",""
"#364","Laat Sparki routes echt verbeteren op basis van gebruikerscommentaar","AFGEROND_EN_GEMERGED","","ja","","","","","geen",""
"#365","Vul de EU-kaart geleidelijk met bibliotheekroutes via een nachtelijke taak","AFGEROND_EN_GEMERGED","","ja","","","","","geen",""
"#366","Automatische controle op de routebibliotheek-endpoints","AFGEROND_EN_GEMERGED","","ja","","","","","geen",""
"#371","Voorkom dat doodlopende-weg-routes ooit terugkomen in de bibliotheek","AFGEROND_EN_GEMERGED","","ja","","","","","geen",""
"#372","Laat routes vaker écht om stoplichten en woonwijken heen kiezen","AFGEROND_EN_GEMERGED","","ja","","","","","geen",""
"#376","Bouw de Stripe-testomgeving: proef, checkout en webhooks volgens het fase-1-ontwerp","AFGEROND_EN_GEMERGED","","ja","","","","","geen",""
"#377","Zorg dat het dev-testaccount dezelfde FTP toont als zijn meetgeschiedenis","AFGEROND_EN_GEMERGED","","ja","","","","","geen",""
"#378","Mentale Training: diepgang per kaart instelbaar met sterren","AFGEROND_EN_GEMERGED","","ja","","","","","geen",""
"#382","Herbereken belastingscores die nog op de achterhaalde 331W-FTP leunen","AFGEROND_EN_GEMERGED","","ja","","","WP-A01","","geen",""
"#383","Ruim verouderde en dubbele AI-observaties op (331W, oude doelen, herhaalde strekking)","AFGEROND_EN_GEMERGED","","ja","","","WP-A02","","geen",""
"#384","Sterren-beoordeling op alles wat Sparki voor je bouwt, als vaste audit-input","AFGEROND_EN_GEMERGED","","ja","","","","","geen",""
"#385","Maak het verschil tussen Gratis en Go zichtbaar (upgrade-meldingen op Go-only onderdelen)","AFGEROND_EN_GEMERGED","","ja","","","WP-A06A/WP-A27 (Gratis vs Go)","","geen",""
"#387","Beslis over de oude 410W-FTP-rij die de historische belastingscores van de tweede gebruiker nog stuurt","AFGEROND_EN_GEMERGED","","ja","","","","","geen",""
"#391","Laat verouderde observaties vanzelf opruimen, niet alleen handmatig","AFGEROND_EN_GEMERGED","","ja","","","","","geen",""
"#395","Toon de automatische observatie-opschoning in het beheeroverzicht Geplande taken","AFGEROND_EN_GEMERGED","","ja","","","","","geen",""
"#396","Laat de upgrade-melding doorklikken naar een echte upgrade-actie","AFGEROND_EN_GEMERGED","","ja","","","","","geen",""
"#397","Vang toekomstige merge-schade in admin-routes vóór publicatie","AFGEROND_EN_GEMERGED","","ja","","","","","geen",""
"#398","Maak de systeemmodus-test weer groen (staat nu rood op main)","AFGEROND_EN_GEMERGED","","ja","","","","","geen",""
"#2","Ship a mobile app","GESTOPT_OF_VERVALLEN","","nee","","","","","volgen",""
"#8","Connect a race calendar so events fill in automatically","GESTOPT_OF_VERVALLEN","","nee","","","","","volgen",""
"#9","Make race phasing reliable with automated checks","GESTOPT_OF_VERVALLEN","","nee","","","","","volgen",""
"#14","Run the daily knowledge scan automatically in production","GESTOPT_OF_VERVALLEN","","nee","","","","","volgen",""
"#15","Let admins trigger a knowledge refresh from the app","GESTOPT_OF_VERVALLEN","","nee","","","","","volgen",""
"#16","Broaden equipment & sports-news coverage in the knowledge base","GESTOPT_OF_VERVALLEN","","nee","","","","","volgen",""
"#28","Tell users when their first training plan can't be built","GESTOPT_OF_VERVALLEN","","nee","","","","","volgen",""
"#29","Sync the database schema so deploys don't hit missing tables","GESTOPT_OF_VERVALLEN","","nee","","","","","volgen",""
"#66","Show Sparki's daily coaching analysis to athletes in the app","GESTOPT_OF_VERVALLEN","","nee","","","","","volgen",""
"#67","Let athletes answer Sparki's follow-up questions to sharpen its coaching","GESTOPT_OF_VERVALLEN","","nee","","","","","volgen",""
"#68","Send athletes a daily Sparki coaching summary automatically","GESTOPT_OF_VERVALLEN","","nee","","","","","volgen",""
"#80","Show equipment wear reminders on the Today screen too","GESTOPT_OF_VERVALLEN","","nee","","","","","volgen",""
"#81","Let athletes set how often each bike part should be checked","GESTOPT_OF_VERVALLEN","","nee","","","","","volgen",""
"#84","Give each coach type its own voice (Coach Engine V2)","GESTOPT_OF_VERVALLEN","","nee","","","","","volgen",""
"#85","Lock in that each athlete type gets a different coach","GESTOPT_OF_VERVALLEN","","nee","","","","","volgen",""
"#86","Let athletes preview Sparki's coaching as different rider types in the live app","GESTOPT_OF_VERVALLEN","","nee","","","","","volgen",""
"#87","Make sure the new Home coach hero keeps working as the engine changes","GESTOPT_OF_VERVALLEN","","nee","","","","","volgen",""
"#93","Onboard more testers with named tester numbers, not just the head tester","GESTOPT_OF_VERVALLEN","","nee","","","","","volgen",""
"#97","Let athletes get fresh knowledge picks every week","GESTOPT_OF_VERVALLEN","","nee","","","","","volgen",""
"#98","Cover the knowledge feed with automated UI tests","GESTOPT_OF_VERVALLEN","","nee","","","","","volgen",""
"#100","Automatically test that testers get notified on report status changes","GESTOPT_OF_VERVALLEN","","nee","","","","","volgen",""
"#101","Automatically test that testers can submit feedback with a screenshot","GESTOPT_OF_VERVALLEN","","nee","","","","","volgen",""
"#102","Block non-admins from the tester feedback inbox","GESTOPT_OF_VERVALLEN","","nee","","","","","volgen",""
"#103","Email testers when their report status changes","GESTOPT_OF_VERVALLEN","","nee","","","","","volgen",""
"#104","Automatically test bug-report submission and admin triage so they can't silently break","GESTOPT_OF_VERVALLEN","","nee","","","","","volgen",""
"#105","Show testers an unread badge when Sparki replies to a report","GESTOPT_OF_VERVALLEN","","nee","","","","","volgen",""
"#106","Automatically test the tester reply thread so it can't silently break","GESTOPT_OF_VERVALLEN","","nee","","","","","volgen",""
"#120","Make sure the ride's effort-vs-feeling read can't give misleading advice","GESTOPT_OF_VERVALLEN","","nee","","","","","volgen",""
"#138","Stop the FTP growth-range forecast from silently breaking","GESTOPT_OF_VERVALLEN","","nee","","","","","volgen",""
"#143","Run every safety check automatically so guards can't be forgotten","GESTOPT_OF_VERVALLEN","","nee","","","","","volgen",""
"#153","Make clearing a day in the bell fail-proof against partial clears","GESTOPT_OF_VERVALLEN","","nee","","","","","volgen",""
"#163","Automatische regressietest voor de doelen-verdicten (op koers / aandacht / risico)","GESTOPT_OF_VERVALLEN","","nee","","","","","volgen",""
"#168","Warn the admin when a scheduled job silently stops running","GESTOPT_OF_VERVALLEN","","nee","","","","","volgen",""
"#200","Confirm the athlete's unlink warning still shows when a revoke removes nothing","GESTOPT_OF_VERVALLEN","","nee","","","","","volgen",""
"#202","Tell athletes when a coach or parent ends the link from their side","GESTOPT_OF_VERVALLEN","","nee","","","","","volgen",""
"#206","Warn riders plainly when the map key is missing so navigation never looks broken","GESTOPT_OF_VERVALLEN","","nee","","","","","volgen",""
"#207","Keep the phone screen awake while riders navigate a route","GESTOPT_OF_VERVALLEN","","nee","","","","","volgen",""
"#222","Make sure a killed ride can always be recovered, on every screen","GESTOPT_OF_VERVALLEN","","nee","","","","","volgen",""
"#223","Make sure a killed ride actually resurfaces for the rider on relaunch","GESTOPT_OF_VERVALLEN","","nee","","","","","volgen",""
"#240","Give coaches and parents their own Profile screen instead of the empty athlete one","GESTOPT_OF_VERVALLEN","","nee","","","","","volgen",""
"#241","Lock in the role-aware menu so a coach or parent never gets athlete-only chapters","GESTOPT_OF_VERVALLEN","","nee","","","","","volgen",""
"#242","Remove the retired bottom navigation bar leftover code","GESTOPT_OF_VERVALLEN","","nee","","","","","volgen",""
"#243","Let athletes look back at their mental notes over time","GESTOPT_OF_VERVALLEN","","nee","","","","","volgen",""
"#244","Prove the mental-pattern insights stay honest as reflections accumulate","GESTOPT_OF_VERVALLEN","","nee","","","","","volgen",""
"#259","Controleer automatisch dat de sensor-uitlezing (watt/hartslag/cadans) niet stuk kan gaan","GESTOPT_OF_VERVALLEN","","nee","","","","","volgen",""
"#269","Zorg dat een herstelde rit nooit stil verloren gaat na annuleren of een mislukte save","GESTOPT_OF_VERVALLEN","","nee","","","","","volgen",""
"#282","Toon het hoogteprofiel ook voor ritten uit FIT- en TCX-bestanden","GESTOPT_OF_VERVALLEN","","nee","","","","","volgen",""
"#283","Controleer dat het val-alarm op de fiets echt afgaat op het juiste moment","GESTOPT_OF_VERVALLEN","","nee","","","","","volgen",""
"#284","Laat coach/ouders het val-alarm bevestigen zodat de renner weet dat het gezien is","GESTOPT_OF_VERVALLEN","","nee","","","","","volgen",""
"#289","Voorkom dat een drill-in gezondheidscheckpagina stilletjes kapot gaat","GESTOPT_OF_VERVALLEN","","nee","","","","","volgen",""
"#290","Voorkom dat de Mechanieker-pagina breekt als dev- en prod-database uit elkaar lopen","GESTOPT_OF_VERVALLEN","","nee","","","","","volgen",""
"#291","Breng het eerste echte scherm over op de nieuwe Sparki-huisstijlfundering","GESTOPT_OF_VERVALLEN","","nee","","","","","volgen",""
"#293","Breng ook de losse kleurcodes buiten de kaartnavigatie onder in de huisstijl","GESTOPT_OF_VERVALLEN","","nee","","","","","volgen",""
"#295","Make sure the training-block builder also confirms saves and shows errors","GESTOPT_OF_VERVALLEN","","nee","","","","","volgen",""
"#296","Catch a silent save failure in the training form before it ships","GESTOPT_OF_VERVALLEN","","nee","","","","","volgen",""
"#307","Catch a missed or modified workout being shown as 'upcoming' in the plan calendar","GESTOPT_OF_VERVALLEN","","nee","","","","","volgen",""
"#308","Make sure the Analyse workspace doesn't crash when an athlete has no data yet","GESTOPT_OF_VERVALLEN","","nee","","","","","volgen",""
"#309","Prevent duplicate Strava FTP entries from being imported more than once","GESTOPT_OF_VERVALLEN","","nee","","","","","volgen",""
"#310","Make sure a stale derived FTP can't silently replace a real test result","GESTOPT_OF_VERVALLEN","","nee","","","","","volgen",""
"#311","Prevent a single admin from shutting down the service alone","GESTOPT_OF_VERVALLEN","","nee","","","","","volgen",""
"#312","Confirm the ops dashboard and system-mode routes survive a server restart clean","GESTOPT_OF_VERVALLEN","","nee","","","","","volgen",""
"#313","Let Dylan and Tessa officially confirm their continuity-admin role in the vault","GESTOPT_OF_VERVALLEN","","nee","","","","","volgen",""